[2026-06-17 17:42:48] [INFO] [MainWindow] 文件日志已开启
[2026-06-17 17:42:50] [INFO] [MainWindow] 文件日志已开启
[2026-06-18 09:23:45] [INFO] [MainWindow] 文件日志已开启
[2026-06-18 09:23:48] [INFO] [MainWindow] [DEBUG] 检查连接: is_connected=False
[2026-06-18 09:23:48] [DEBUG] [paramiko.transport] starting thread (client mode): 0x45533e80
[2026-06-18 09:23:48] [DEBUG] [paramiko.transport] Local version/idstring: SSH-2.0-paramiko_2.10.4
[2026-06-18 09:23:48] [DEBUG] [paramiko.transport] Remote version/idstring: SSH-2.0-OpenSSH_7.4
[2026-06-18 09:23:48] [INFO] [paramiko.transport] Connected (version 2.0, client OpenSSH_7.4)
[2026-06-18 09:23:48] [DEBUG] [paramiko.transport] === Key exchange possibilities ===
[2026-06-18 09:23:48] [DEBUG] [paramiko.transport] kex algos: diffie-hellman-group14-sha1, diffie-hellman-group14-sha256, ecdh-sha2-nistp256, curve25519-sha256
[2026-06-18 09:23:48] [DEBUG] [paramiko.transport] server key: ssh-rsa, rsa-sha2-512, rsa-sha2-256, ecdsa-sha2-nistp256, ssh-ed25519
[2026-06-18 09:23:48] [DEBUG] [paramiko.transport] client encrypt: aes256-ctr, aes192-ctr, aes128-ctr
[2026-06-18 09:23:48] [DEBUG] [paramiko.transport] server encrypt: aes256-ctr, aes192-ctr, aes128-ctr
[2026-06-18 09:23:48] [DEBUG] [paramiko.transport] client mac: hmac-sha2-512, hmac-sha2-256
[2026-06-18 09:23:48] [DEBUG] [paramiko.transport] server mac: hmac-sha2-512, hmac-sha2-256
[2026-06-18 09:23:48] [DEBUG] [paramiko.transport] client compress: none, zlib@openssh.com
[2026-06-18 09:23:48] [DEBUG] [paramiko.transport] server compress: none, zlib@openssh.com
[2026-06-18 09:23:48] [DEBUG] [paramiko.transport] client lang: <none>
[2026-06-18 09:23:48] [DEBUG] [paramiko.transport] server lang: <none>
[2026-06-18 09:23:48] [DEBUG] [paramiko.transport] kex follows: False
[2026-06-18 09:23:48] [DEBUG] [paramiko.transport] === Key exchange agreements ===
[2026-06-18 09:23:48] [DEBUG] [paramiko.transport] Kex: ecdh-sha2-nistp256
[2026-06-18 09:23:48] [DEBUG] [paramiko.transport] HostKey: ssh-ed25519
[2026-06-18 09:23:48] [DEBUG] [paramiko.transport] Cipher: aes128-ctr
[2026-06-18 09:23:48] [DEBUG] [paramiko.transport] MAC: hmac-sha2-256
[2026-06-18 09:23:48] [DEBUG] [paramiko.transport] Compression: none
[2026-06-18 09:23:48] [DEBUG] [paramiko.transport] === End of kex handshake ===
[2026-06-18 09:23:48] [DEBUG] [paramiko.transport] kex engine KexNistp256 specified hash_algo <built-in function openssl_sha256>
[2026-06-18 09:23:48] [DEBUG] [paramiko.transport] Switch to new keys ...
[2026-06-18 09:23:48] [DEBUG] [paramiko.transport] Adding ssh-ed25519 host key for [192.168.198.2]:22: b'24ad618db0129188fcbb64a5c8d08aec'
[2026-06-18 09:23:48] [DEBUG] [paramiko.transport] Got EXT_INFO: {'server-sig-algs': b'rsa-sha2-256,rsa-sha2-512'}
[2026-06-18 09:23:48] [DEBUG] [paramiko.transport] Trying discovered key b'5cd4e8f108050ee4f6cfed98a16476db' in C:\Users\xingq.FHC-DOMAIN/.ssh/id_rsa
[2026-06-18 09:23:48] [DEBUG] [paramiko.transport] userauth is OK
[2026-06-18 09:23:48] [DEBUG] [paramiko.transport] Finalizing pubkey algorithm for key of type 'ssh-rsa'
[2026-06-18 09:23:48] [DEBUG] [paramiko.transport] Our pubkey algorithm list: ['rsa-sha2-512', 'rsa-sha2-256', 'ssh-rsa']
[2026-06-18 09:23:48] [DEBUG] [paramiko.transport] Server-side algorithm list: ['rsa-sha2-256', 'rsa-sha2-512']
[2026-06-18 09:23:48] [DEBUG] [paramiko.transport] Agreed upon 'rsa-sha2-512' pubkey algorithm
[2026-06-18 09:23:48] [INFO] [paramiko.transport] Authentication (publickey) failed.
[2026-06-18 09:23:48] [DEBUG] [paramiko.transport] Trying discovered key b'91928894cb1650bf60207672151d07d0' in C:\Users\xingq.FHC-DOMAIN/.ssh/id_ed25519
[2026-06-18 09:23:48] [DEBUG] [paramiko.transport] userauth is OK
[2026-06-18 09:23:48] [INFO] [paramiko.transport] Authentication (publickey) failed.
[2026-06-18 09:23:48] [DEBUG] [paramiko.transport] userauth is OK
[2026-06-18 09:23:48] [INFO] [paramiko.transport] Authentication (password) successful!
[2026-06-18 09:23:48] [DEBUG] [paramiko.transport] [chan 0] Max packet in: 32768 bytes
[2026-06-18 09:23:48] [DEBUG] [paramiko.transport] Received global request "hostkeys-00@openssh.com"
[2026-06-18 09:23:48] [DEBUG] [paramiko.transport] Rejecting "hostkeys-00@openssh.com" global request from server.
[2026-06-18 09:23:48] [DEBUG] [paramiko.transport] [chan 0] Max packet out: 32768 bytes
[2026-06-18 09:23:48] [DEBUG] [paramiko.transport] Secsh channel 0 opened.
[2026-06-18 09:23:48] [DEBUG] [paramiko.transport] [chan 0] Sesch channel 0 request ok
[2026-06-18 09:23:48] [DEBUG] [paramiko.transport] [chan 0] Sesch channel 0 request ok
[2026-06-18 09:23:48] [DEBUG] [paramiko.transport] [chan 1] Max packet in: 32768 bytes
[2026-06-18 09:23:48] [INFO] [MainWindow] ssh连接成功
[2026-06-18 09:23:48] [INFO] [MainWindow] [DEBUG] 连接结果: True
[2026-06-18 09:23:48] [INFO] [MainWindow] [DEBUG] 网卡数量: 0
[2026-06-18 09:23:48] [INFO] [MainWindow] [DEBUG] 进入获取网卡分支
[2026-06-18 09:23:48] [DEBUG] [paramiko.transport] [chan 1] Max packet out: 32768 bytes
[2026-06-18 09:23:48] [DEBUG] [paramiko.transport] Secsh channel 1 opened.
[2026-06-18 09:23:48] [DEBUG] [paramiko.transport] [chan 1] Sesch channel 1 request ok
[2026-06-18 09:23:48] [DEBUG] [paramiko.transport] [chan 1] EOF received (1)
[2026-06-18 09:23:48] [DEBUG] [paramiko.transport] [chan 1] EOF sent (1)
[2026-06-18 09:23:48] [INFO] [MainWindow] [DEBUG] 原始输出: 'eth0\n'
[2026-06-18 09:23:48] [INFO] [MainWindow] [DEBUG] 解析后网卡: ['eth0']
[2026-06-18 09:23:48] [INFO] [MainWindow] [DEBUG] 异常: OneClickWorker.log_signal[str, str] signal has 2 argument(s) but 1 provided
[2026-06-18 09:23:48] [INFO] [MainWindow] [DEBUG] 堆栈: Traceback (most recent call last):
  File "d:\Users\xingq.FHC-DOMAIN\Desktop\projects\OneClick\MainWindowLogic.py", line 3104, in do_status_check
    worker.log_signal.emit(f'网卡列表: {nics}')
TypeError: OneClickWorker.log_signal[str, str] signal has 2 argument(s) but 1 provided
[2026-06-18 09:23:53] [DEBUG] [paramiko.transport] Sending global request "keepalive@lag.net"
[2026-06-18 09:23:58] [DEBUG] [paramiko.transport] Sending global request "keepalive@lag.net"
[2026-06-18 09:24:03] [DEBUG] [paramiko.transport] Sending global request "keepalive@lag.net"
[2026-06-18 09:24:09] [DEBUG] [paramiko.transport] Sending global request "keepalive@lag.net"
[2026-06-18 09:24:14] [DEBUG] [paramiko.transport] Sending global request "keepalive@lag.net"
[2026-06-18 09:24:19] [DEBUG] [paramiko.transport] Sending global request "keepalive@lag.net"
[2026-06-18 09:24:24] [DEBUG] [paramiko.transport] Sending global request "keepalive@lag.net"
[2026-06-18 09:24:26] [DEBUG] [paramiko.transport] starting thread (client mode): 0x493326d0
[2026-06-18 09:24:26] [DEBUG] [paramiko.transport] Local version/idstring: SSH-2.0-paramiko_2.10.4
[2026-06-18 09:24:26] [DEBUG] [paramiko.transport] Remote version/idstring: SSH-2.0-OpenSSH_7.4
[2026-06-18 09:24:26] [INFO] [paramiko.transport] Connected (version 2.0, client OpenSSH_7.4)
[2026-06-18 09:24:26] [DEBUG] [paramiko.transport] === Key exchange possibilities ===
[2026-06-18 09:24:26] [DEBUG] [paramiko.transport] kex algos: diffie-hellman-group14-sha1, diffie-hellman-group14-sha256, ecdh-sha2-nistp256, curve25519-sha256
[2026-06-18 09:24:26] [DEBUG] [paramiko.transport] server key: ssh-rsa, rsa-sha2-512, rsa-sha2-256, ecdsa-sha2-nistp256, ssh-ed25519
[2026-06-18 09:24:26] [DEBUG] [paramiko.transport] client encrypt: aes256-ctr, aes192-ctr, aes128-ctr
[2026-06-18 09:24:26] [DEBUG] [paramiko.transport] server encrypt: aes256-ctr, aes192-ctr, aes128-ctr
[2026-06-18 09:24:26] [DEBUG] [paramiko.transport] client mac: hmac-sha2-512, hmac-sha2-256
[2026-06-18 09:24:26] [DEBUG] [paramiko.transport] server mac: hmac-sha2-512, hmac-sha2-256
[2026-06-18 09:24:26] [DEBUG] [paramiko.transport] client compress: none, zlib@openssh.com
[2026-06-18 09:24:26] [DEBUG] [paramiko.transport] server compress: none, zlib@openssh.com
[2026-06-18 09:24:26] [DEBUG] [paramiko.transport] client lang: <none>
[2026-06-18 09:24:26] [DEBUG] [paramiko.transport] server lang: <none>
[2026-06-18 09:24:26] [DEBUG] [paramiko.transport] kex follows: False
[2026-06-18 09:24:26] [DEBUG] [paramiko.transport] === Key exchange agreements ===
[2026-06-18 09:24:26] [DEBUG] [paramiko.transport] Kex: ecdh-sha2-nistp256
[2026-06-18 09:24:26] [DEBUG] [paramiko.transport] HostKey: ssh-ed25519
[2026-06-18 09:24:26] [DEBUG] [paramiko.transport] Cipher: aes128-ctr
[2026-06-18 09:24:26] [DEBUG] [paramiko.transport] MAC: hmac-sha2-256
[2026-06-18 09:24:26] [DEBUG] [paramiko.transport] Compression: none
[2026-06-18 09:24:26] [DEBUG] [paramiko.transport] === End of kex handshake ===
[2026-06-18 09:24:26] [DEBUG] [paramiko.transport] kex engine KexNistp256 specified hash_algo <built-in function openssl_sha256>
[2026-06-18 09:24:26] [DEBUG] [paramiko.transport] Switch to new keys ...
[2026-06-18 09:24:26] [DEBUG] [paramiko.transport] Adding ssh-ed25519 host key for [192.168.198.2]:22: b'24ad618db0129188fcbb64a5c8d08aec'
[2026-06-18 09:24:26] [DEBUG] [paramiko.transport] Got EXT_INFO: {'server-sig-algs': b'rsa-sha2-256,rsa-sha2-512'}
[2026-06-18 09:24:26] [DEBUG] [paramiko.transport] Trying discovered key b'5cd4e8f108050ee4f6cfed98a16476db' in C:\Users\xingq.FHC-DOMAIN/.ssh/id_rsa
[2026-06-18 09:24:26] [DEBUG] [paramiko.transport] userauth is OK
[2026-06-18 09:24:26] [DEBUG] [paramiko.transport] Finalizing pubkey algorithm for key of type 'ssh-rsa'
[2026-06-18 09:24:26] [DEBUG] [paramiko.transport] Our pubkey algorithm list: ['rsa-sha2-512', 'rsa-sha2-256', 'ssh-rsa']
[2026-06-18 09:24:26] [DEBUG] [paramiko.transport] Server-side algorithm list: ['rsa-sha2-256', 'rsa-sha2-512']
[2026-06-18 09:24:26] [DEBUG] [paramiko.transport] Agreed upon 'rsa-sha2-512' pubkey algorithm
[2026-06-18 09:24:26] [INFO] [paramiko.transport] Authentication (publickey) failed.
[2026-06-18 09:24:26] [DEBUG] [paramiko.transport] Trying discovered key b'91928894cb1650bf60207672151d07d0' in C:\Users\xingq.FHC-DOMAIN/.ssh/id_ed25519
[2026-06-18 09:24:26] [DEBUG] [paramiko.transport] userauth is OK
[2026-06-18 09:24:26] [INFO] [paramiko.transport] Authentication (publickey) failed.
[2026-06-18 09:24:26] [DEBUG] [paramiko.transport] userauth is OK
[2026-06-18 09:24:26] [INFO] [paramiko.transport] Authentication (password) successful!
[2026-06-18 09:24:26] [DEBUG] [paramiko.transport] [chan 0] Max packet in: 32768 bytes
[2026-06-18 09:24:26] [DEBUG] [paramiko.transport] Received global request "hostkeys-00@openssh.com"
[2026-06-18 09:24:26] [DEBUG] [paramiko.transport] Rejecting "hostkeys-00@openssh.com" global request from server.
[2026-06-18 09:24:27] [DEBUG] [paramiko.transport] [chan 0] Max packet out: 32768 bytes
[2026-06-18 09:24:27] [DEBUG] [paramiko.transport] Secsh channel 0 opened.
[2026-06-18 09:24:27] [DEBUG] [paramiko.transport] [chan 0] Sesch channel 0 request ok
[2026-06-18 09:24:27] [DEBUG] [paramiko.transport] [chan 0] Sesch channel 0 request ok
[2026-06-18 09:24:27] [DEBUG] [paramiko.transport] [chan 1] Max packet in: 32768 bytes
[2026-06-18 09:24:27] [INFO] [MainWindow] ssh连接成功
[2026-06-18 09:24:27] [DEBUG] [paramiko.transport] [chan 1] Max packet out: 32768 bytes
[2026-06-18 09:24:27] [DEBUG] [paramiko.transport] Secsh channel 1 opened.
[2026-06-18 09:24:27] [DEBUG] [paramiko.transport] [chan 1] Sesch channel 1 request ok
[2026-06-18 09:24:27] [DEBUG] [paramiko.transport] [chan 1] EOF received (1)
[2026-06-18 09:24:27] [DEBUG] [paramiko.transport] [chan 1] EOF sent (1)
[2026-06-18 09:24:28] [DEBUG] [paramiko.transport] [chan 2] Max packet in: 32768 bytes
[2026-06-18 09:24:28] [DEBUG] [paramiko.transport] [chan 2] Max packet out: 32768 bytes
[2026-06-18 09:24:28] [DEBUG] [paramiko.transport] Secsh channel 2 opened.
[2026-06-18 09:24:28] [DEBUG] [paramiko.transport] [chan 2] Sesch channel 2 request ok
[2026-06-18 09:24:28] [DEBUG] [paramiko.transport] [chan 2] EOF received (2)
[2026-06-18 09:24:28] [DEBUG] [paramiko.transport] [chan 2] EOF sent (2)
[2026-06-18 09:24:28] [DEBUG] [paramiko.transport] [chan 3] Max packet in: 32768 bytes
[2026-06-18 09:24:28] [DEBUG] [paramiko.transport] [chan 3] Max packet out: 32768 bytes
[2026-06-18 09:24:28] [DEBUG] [paramiko.transport] Secsh channel 3 opened.
[2026-06-18 09:24:28] [DEBUG] [paramiko.transport] [chan 3] Sesch channel 3 request ok
[2026-06-18 09:24:28] [DEBUG] [paramiko.transport] [chan 3] EOF received (3)
[2026-06-18 09:24:28] [DEBUG] [paramiko.transport] [chan 3] EOF sent (3)
[2026-06-18 09:24:29] [DEBUG] [paramiko.transport] [chan 4] Max packet in: 32768 bytes
[2026-06-18 09:24:29] [DEBUG] [paramiko.transport] [chan 4] Max packet out: 32768 bytes
[2026-06-18 09:24:29] [DEBUG] [paramiko.transport] Secsh channel 4 opened.
[2026-06-18 09:24:29] [DEBUG] [paramiko.transport] [chan 4] Sesch channel 4 request ok
[2026-06-18 09:24:29] [DEBUG] [paramiko.transport] [chan 4] EOF received (4)
[2026-06-18 09:24:29] [DEBUG] [paramiko.transport] [chan 4] EOF sent (4)
[2026-06-18 09:24:29] [DEBUG] [paramiko.transport] [chan 5] Max packet in: 32768 bytes
[2026-06-18 09:24:29] [DEBUG] [paramiko.transport] [chan 5] Max packet out: 32768 bytes
[2026-06-18 09:24:29] [DEBUG] [paramiko.transport] Secsh channel 5 opened.
[2026-06-18 09:24:29] [DEBUG] [paramiko.transport] [chan 5] Sesch channel 5 request ok
[2026-06-18 09:24:29] [DEBUG] [paramiko.transport] [chan 5] EOF received (5)
[2026-06-18 09:24:29] [DEBUG] [paramiko.transport] [chan 5] EOF sent (5)
[2026-06-18 09:24:29] [DEBUG] [paramiko.transport] Sending global request "keepalive@lag.net"
[2026-06-18 09:24:30] [INFO] [MainWindow] 已保存配置到D:\Users\xingq.FHC-DOMAIN\Desktop\projects\OneClick\config.json
[2026-06-18 09:24:30] [DEBUG] [paramiko.transport] [chan 0] EOF sent (0)
[2026-06-18 09:24:30] [DEBUG] [paramiko.transport] [chan 0] EOF sent (0)
[2026-06-18 09:24:30] [DEBUG] [paramiko.transport] EOF in transport thread
[2026-06-18 09:25:24] [INFO] [MainWindow] 文件日志已开启
[2026-06-18 09:25:24] [INFO] [MainWindow] 存在默认配置文件，开始添加服务器和快捷按钮
[2026-06-18 09:25:24] [INFO] [MainWindow] 批量添加服务器 成功，来自D:/Users/xingq.FHC-DOMAIN/Desktop/projects/OneClick/config.json
[2026-06-18 09:25:24] [INFO] [MainWindow] 批量添加快捷按钮 成功，来自D:/Users/xingq.FHC-DOMAIN/Desktop/projects/OneClick/config.json
[2026-06-18 09:25:24] [INFO] [MainWindow] OneClick 启动成功
[2026-06-18 09:25:27] [DEBUG] [paramiko.transport] starting thread (client mode): 0xe5f92e80
[2026-06-18 09:25:27] [DEBUG] [paramiko.transport] Local version/idstring: SSH-2.0-paramiko_2.10.4
[2026-06-18 09:25:27] [DEBUG] [paramiko.transport] Remote version/idstring: SSH-2.0-OpenSSH_7.4
[2026-06-18 09:25:27] [INFO] [paramiko.transport] Connected (version 2.0, client OpenSSH_7.4)
[2026-06-18 09:25:27] [DEBUG] [paramiko.transport] === Key exchange possibilities ===
[2026-06-18 09:25:27] [DEBUG] [paramiko.transport] kex algos: diffie-hellman-group14-sha1, diffie-hellman-group14-sha256, ecdh-sha2-nistp256, curve25519-sha256
[2026-06-18 09:25:27] [DEBUG] [paramiko.transport] server key: ssh-rsa, rsa-sha2-512, rsa-sha2-256, ecdsa-sha2-nistp256, ssh-ed25519
[2026-06-18 09:25:27] [DEBUG] [paramiko.transport] client encrypt: aes256-ctr, aes192-ctr, aes128-ctr
[2026-06-18 09:25:27] [DEBUG] [paramiko.transport] server encrypt: aes256-ctr, aes192-ctr, aes128-ctr
[2026-06-18 09:25:27] [DEBUG] [paramiko.transport] client mac: hmac-sha2-512, hmac-sha2-256
[2026-06-18 09:25:27] [DEBUG] [paramiko.transport] server mac: hmac-sha2-512, hmac-sha2-256
[2026-06-18 09:25:27] [DEBUG] [paramiko.transport] client compress: none, zlib@openssh.com
[2026-06-18 09:25:27] [DEBUG] [paramiko.transport] server compress: none, zlib@openssh.com
[2026-06-18 09:25:27] [DEBUG] [paramiko.transport] client lang: <none>
[2026-06-18 09:25:27] [DEBUG] [paramiko.transport] server lang: <none>
[2026-06-18 09:25:27] [DEBUG] [paramiko.transport] kex follows: False
[2026-06-18 09:25:27] [DEBUG] [paramiko.transport] === Key exchange agreements ===
[2026-06-18 09:25:27] [DEBUG] [paramiko.transport] Kex: ecdh-sha2-nistp256
[2026-06-18 09:25:27] [DEBUG] [paramiko.transport] HostKey: ssh-ed25519
[2026-06-18 09:25:27] [DEBUG] [paramiko.transport] Cipher: aes128-ctr
[2026-06-18 09:25:27] [DEBUG] [paramiko.transport] MAC: hmac-sha2-256
[2026-06-18 09:25:27] [DEBUG] [paramiko.transport] Compression: none
[2026-06-18 09:25:27] [DEBUG] [paramiko.transport] === End of kex handshake ===
[2026-06-18 09:25:27] [DEBUG] [paramiko.transport] kex engine KexNistp256 specified hash_algo <built-in function openssl_sha256>
[2026-06-18 09:25:27] [DEBUG] [paramiko.transport] Switch to new keys ...
[2026-06-18 09:25:27] [DEBUG] [paramiko.transport] Adding ssh-ed25519 host key for [192.168.198.2]:22: b'24ad618db0129188fcbb64a5c8d08aec'
[2026-06-18 09:25:27] [DEBUG] [paramiko.transport] Got EXT_INFO: {'server-sig-algs': b'rsa-sha2-256,rsa-sha2-512'}
[2026-06-18 09:25:27] [DEBUG] [paramiko.transport] Trying discovered key b'5cd4e8f108050ee4f6cfed98a16476db' in C:\Users\xingq.FHC-DOMAIN/.ssh/id_rsa
[2026-06-18 09:25:27] [DEBUG] [paramiko.transport] userauth is OK
[2026-06-18 09:25:27] [DEBUG] [paramiko.transport] Finalizing pubkey algorithm for key of type 'ssh-rsa'
[2026-06-18 09:25:27] [DEBUG] [paramiko.transport] Our pubkey algorithm list: ['rsa-sha2-512', 'rsa-sha2-256', 'ssh-rsa']
[2026-06-18 09:25:27] [DEBUG] [paramiko.transport] Server-side algorithm list: ['rsa-sha2-256', 'rsa-sha2-512']
[2026-06-18 09:25:27] [DEBUG] [paramiko.transport] Agreed upon 'rsa-sha2-512' pubkey algorithm
[2026-06-18 09:25:27] [INFO] [paramiko.transport] Authentication (publickey) failed.
[2026-06-18 09:25:27] [DEBUG] [paramiko.transport] Trying discovered key b'91928894cb1650bf60207672151d07d0' in C:\Users\xingq.FHC-DOMAIN/.ssh/id_ed25519
[2026-06-18 09:25:27] [DEBUG] [paramiko.transport] userauth is OK
[2026-06-18 09:25:27] [INFO] [paramiko.transport] Authentication (publickey) failed.
[2026-06-18 09:25:27] [DEBUG] [paramiko.transport] userauth is OK
[2026-06-18 09:25:27] [INFO] [paramiko.transport] Authentication (password) successful!
[2026-06-18 09:25:27] [DEBUG] [paramiko.transport] [chan 0] Max packet in: 32768 bytes
[2026-06-18 09:25:27] [DEBUG] [paramiko.transport] Received global request "hostkeys-00@openssh.com"
[2026-06-18 09:25:27] [DEBUG] [paramiko.transport] Rejecting "hostkeys-00@openssh.com" global request from server.
[2026-06-18 09:25:27] [DEBUG] [paramiko.transport] [chan 0] Max packet out: 32768 bytes
[2026-06-18 09:25:27] [DEBUG] [paramiko.transport] Secsh channel 0 opened.
[2026-06-18 09:25:27] [DEBUG] [paramiko.transport] [chan 0] Sesch channel 0 request ok
[2026-06-18 09:25:27] [DEBUG] [paramiko.transport] [chan 0] Sesch channel 0 request ok
[2026-06-18 09:25:27] [DEBUG] [paramiko.transport] [chan 1] Max packet in: 32768 bytes
[2026-06-18 09:25:27] [INFO] [MainWindow] ssh连接成功
[2026-06-18 09:25:27] [DEBUG] [paramiko.transport] [chan 1] Max packet out: 32768 bytes
[2026-06-18 09:25:27] [DEBUG] [paramiko.transport] Secsh channel 1 opened.
[2026-06-18 09:25:27] [DEBUG] [paramiko.transport] [chan 1] Sesch channel 1 request ok
[2026-06-18 09:25:27] [DEBUG] [paramiko.transport] [chan 1] EOF received (1)
[2026-06-18 09:25:27] [INFO] [MainWindow] 网卡列表: ['eth0']
[2026-06-18 09:25:27] [DEBUG] [paramiko.transport] [chan 1] EOF sent (1)
[2026-06-18 09:25:29] [DEBUG] [paramiko.transport] [chan 2] Max packet in: 32768 bytes
[2026-06-18 09:25:29] [DEBUG] [paramiko.transport] [chan 2] Max packet out: 32768 bytes
[2026-06-18 09:25:29] [DEBUG] [paramiko.transport] Secsh channel 2 opened.
[2026-06-18 09:25:29] [DEBUG] [paramiko.transport] [chan 2] Sesch channel 2 request ok
[2026-06-18 09:25:29] [DEBUG] [paramiko.transport] [chan 2] EOF received (2)
[2026-06-18 09:25:29] [DEBUG] [paramiko.transport] [chan 2] EOF sent (2)
[2026-06-18 09:25:29] [DEBUG] [paramiko.transport] [chan 3] Max packet in: 32768 bytes
[2026-06-18 09:25:29] [DEBUG] [paramiko.transport] [chan 3] Max packet out: 32768 bytes
[2026-06-18 09:25:29] [DEBUG] [paramiko.transport] Secsh channel 3 opened.
[2026-06-18 09:25:29] [DEBUG] [paramiko.transport] [chan 3] Sesch channel 3 request ok
[2026-06-18 09:25:29] [DEBUG] [paramiko.transport] [chan 3] EOF received (3)
[2026-06-18 09:25:29] [DEBUG] [paramiko.transport] [chan 3] EOF sent (3)
[2026-06-18 09:25:31] [DEBUG] [paramiko.transport] [chan 4] Max packet in: 32768 bytes
[2026-06-18 09:25:31] [DEBUG] [paramiko.transport] [chan 4] Max packet out: 32768 bytes
[2026-06-18 09:25:31] [DEBUG] [paramiko.transport] Secsh channel 4 opened.
[2026-06-18 09:25:31] [DEBUG] [paramiko.transport] [chan 4] Sesch channel 4 request ok
[2026-06-18 09:25:31] [DEBUG] [paramiko.transport] [chan 4] EOF received (4)
[2026-06-18 09:25:31] [DEBUG] [paramiko.transport] [chan 4] EOF sent (4)
[2026-06-18 09:25:31] [DEBUG] [paramiko.transport] [chan 5] Max packet in: 32768 bytes
[2026-06-18 09:25:31] [DEBUG] [paramiko.transport] [chan 5] Max packet out: 32768 bytes
[2026-06-18 09:25:31] [DEBUG] [paramiko.transport] Secsh channel 5 opened.
[2026-06-18 09:25:31] [DEBUG] [paramiko.transport] [chan 5] Sesch channel 5 request ok
[2026-06-18 09:25:31] [DEBUG] [paramiko.transport] [chan 5] EOF received (5)
[2026-06-18 09:25:31] [DEBUG] [paramiko.transport] [chan 5] EOF sent (5)
[2026-06-18 09:25:33] [DEBUG] [paramiko.transport] starting thread (client mode): 0xe9ad0460
[2026-06-18 09:25:33] [DEBUG] [paramiko.transport] Local version/idstring: SSH-2.0-paramiko_2.10.4
[2026-06-18 09:25:33] [DEBUG] [paramiko.transport] Remote version/idstring: SSH-2.0-OpenSSH_7.4
[2026-06-18 09:25:33] [INFO] [paramiko.transport] Connected (version 2.0, client OpenSSH_7.4)
[2026-06-18 09:25:33] [DEBUG] [paramiko.transport] === Key exchange possibilities ===
[2026-06-18 09:25:33] [DEBUG] [paramiko.transport] kex algos: diffie-hellman-group14-sha1, diffie-hellman-group14-sha256, ecdh-sha2-nistp256, curve25519-sha256
[2026-06-18 09:25:33] [DEBUG] [paramiko.transport] server key: ssh-rsa, rsa-sha2-512, rsa-sha2-256, ecdsa-sha2-nistp256, ssh-ed25519
[2026-06-18 09:25:33] [DEBUG] [paramiko.transport] client encrypt: aes256-ctr, aes192-ctr, aes128-ctr
[2026-06-18 09:25:33] [DEBUG] [paramiko.transport] server encrypt: aes256-ctr, aes192-ctr, aes128-ctr
[2026-06-18 09:25:33] [DEBUG] [paramiko.transport] client mac: hmac-sha2-512, hmac-sha2-256
[2026-06-18 09:25:33] [DEBUG] [paramiko.transport] server mac: hmac-sha2-512, hmac-sha2-256
[2026-06-18 09:25:33] [DEBUG] [paramiko.transport] client compress: none, zlib@openssh.com
[2026-06-18 09:25:33] [DEBUG] [paramiko.transport] server compress: none, zlib@openssh.com
[2026-06-18 09:25:33] [DEBUG] [paramiko.transport] client lang: <none>
[2026-06-18 09:25:33] [DEBUG] [paramiko.transport] server lang: <none>
[2026-06-18 09:25:33] [DEBUG] [paramiko.transport] kex follows: False
[2026-06-18 09:25:33] [DEBUG] [paramiko.transport] === Key exchange agreements ===
[2026-06-18 09:25:33] [DEBUG] [paramiko.transport] Kex: ecdh-sha2-nistp256
[2026-06-18 09:25:33] [DEBUG] [paramiko.transport] HostKey: ssh-ed25519
[2026-06-18 09:25:33] [DEBUG] [paramiko.transport] Cipher: aes128-ctr
[2026-06-18 09:25:33] [DEBUG] [paramiko.transport] MAC: hmac-sha2-256
[2026-06-18 09:25:33] [DEBUG] [paramiko.transport] Compression: none
[2026-06-18 09:25:33] [DEBUG] [paramiko.transport] === End of kex handshake ===
[2026-06-18 09:25:33] [DEBUG] [paramiko.transport] kex engine KexNistp256 specified hash_algo <built-in function openssl_sha256>
[2026-06-18 09:25:33] [DEBUG] [paramiko.transport] Switch to new keys ...
[2026-06-18 09:25:33] [DEBUG] [paramiko.transport] Adding ssh-ed25519 host key for [192.168.198.2]:22: b'24ad618db0129188fcbb64a5c8d08aec'
[2026-06-18 09:25:33] [DEBUG] [paramiko.transport] Got EXT_INFO: {'server-sig-algs': b'rsa-sha2-256,rsa-sha2-512'}
[2026-06-18 09:25:33] [DEBUG] [paramiko.transport] Trying discovered key b'5cd4e8f108050ee4f6cfed98a16476db' in C:\Users\xingq.FHC-DOMAIN/.ssh/id_rsa
[2026-06-18 09:25:33] [DEBUG] [paramiko.transport] userauth is OK
[2026-06-18 09:25:33] [DEBUG] [paramiko.transport] Finalizing pubkey algorithm for key of type 'ssh-rsa'
[2026-06-18 09:25:33] [DEBUG] [paramiko.transport] Our pubkey algorithm list: ['rsa-sha2-512', 'rsa-sha2-256', 'ssh-rsa']
[2026-06-18 09:25:33] [DEBUG] [paramiko.transport] Server-side algorithm list: ['rsa-sha2-256', 'rsa-sha2-512']
[2026-06-18 09:25:33] [DEBUG] [paramiko.transport] Agreed upon 'rsa-sha2-512' pubkey algorithm
[2026-06-18 09:25:33] [INFO] [paramiko.transport] Authentication (publickey) failed.
[2026-06-18 09:25:33] [DEBUG] [paramiko.transport] Trying discovered key b'91928894cb1650bf60207672151d07d0' in C:\Users\xingq.FHC-DOMAIN/.ssh/id_ed25519
[2026-06-18 09:25:33] [DEBUG] [paramiko.transport] userauth is OK
[2026-06-18 09:25:33] [INFO] [paramiko.transport] Authentication (publickey) failed.
[2026-06-18 09:25:33] [DEBUG] [paramiko.transport] userauth is OK
[2026-06-18 09:25:33] [INFO] [paramiko.transport] Authentication (password) successful!
[2026-06-18 09:25:33] [DEBUG] [paramiko.transport] [chan 0] Max packet in: 32768 bytes
[2026-06-18 09:25:33] [DEBUG] [paramiko.transport] Received global request "hostkeys-00@openssh.com"
[2026-06-18 09:25:33] [DEBUG] [paramiko.transport] Rejecting "hostkeys-00@openssh.com" global request from server.
[2026-06-18 09:25:33] [DEBUG] [paramiko.transport] [chan 0] Max packet out: 32768 bytes
[2026-06-18 09:25:33] [DEBUG] [paramiko.transport] Secsh channel 0 opened.
[2026-06-18 09:25:33] [DEBUG] [paramiko.transport] [chan 0] Sesch channel 0 request ok
[2026-06-18 09:25:33] [DEBUG] [paramiko.transport] [chan 0] Sesch channel 0 request ok
[2026-06-18 09:25:33] [DEBUG] [paramiko.transport] [chan 1] Max packet in: 32768 bytes
[2026-06-18 09:25:33] [INFO] [MainWindow] ssh连接成功
[2026-06-18 09:25:33] [DEBUG] [paramiko.transport] [chan 1] Max packet out: 32768 bytes
[2026-06-18 09:25:33] [DEBUG] [paramiko.transport] Secsh channel 1 opened.
[2026-06-18 09:25:33] [DEBUG] [paramiko.transport] [chan 1] Sesch channel 1 request ok
[2026-06-18 09:25:33] [DEBUG] [paramiko.transport] [chan 1] EOF received (1)
[2026-06-18 09:25:33] [DEBUG] [paramiko.transport] [chan 1] EOF sent (1)
[2026-06-18 09:25:34] [DEBUG] [paramiko.transport] [chan 2] Max packet in: 32768 bytes
[2026-06-18 09:25:34] [DEBUG] [paramiko.transport] [chan 2] Max packet out: 32768 bytes
[2026-06-18 09:25:34] [DEBUG] [paramiko.transport] Secsh channel 2 opened.
[2026-06-18 09:25:34] [DEBUG] [paramiko.transport] [chan 2] Sesch channel 2 request ok
[2026-06-18 09:25:34] [DEBUG] [paramiko.transport] [chan 2] EOF received (2)
[2026-06-18 09:25:34] [DEBUG] [paramiko.transport] [chan 2] EOF sent (2)
[2026-06-18 09:25:34] [DEBUG] [paramiko.transport] [chan 3] Max packet in: 32768 bytes
[2026-06-18 09:25:34] [DEBUG] [paramiko.transport] [chan 3] Max packet out: 32768 bytes
[2026-06-18 09:25:34] [DEBUG] [paramiko.transport] Secsh channel 3 opened.
[2026-06-18 09:25:34] [DEBUG] [paramiko.transport] [chan 3] Sesch channel 3 request ok
[2026-06-18 09:25:34] [DEBUG] [paramiko.transport] [chan 3] EOF received (3)
[2026-06-18 09:25:34] [DEBUG] [paramiko.transport] [chan 3] EOF sent (3)
[2026-06-18 09:25:36] [DEBUG] [paramiko.transport] starting thread (client mode): 0xe9aef610
[2026-06-18 09:25:36] [DEBUG] [paramiko.transport] Local version/idstring: SSH-2.0-paramiko_2.10.4
[2026-06-18 09:25:36] [DEBUG] [paramiko.transport] Remote version/idstring: SSH-2.0-OpenSSH_7.4
[2026-06-18 09:25:36] [INFO] [paramiko.transport] Connected (version 2.0, client OpenSSH_7.4)
[2026-06-18 09:25:36] [DEBUG] [paramiko.transport] === Key exchange possibilities ===
[2026-06-18 09:25:36] [DEBUG] [paramiko.transport] kex algos: diffie-hellman-group14-sha1, diffie-hellman-group14-sha256, ecdh-sha2-nistp256, curve25519-sha256
[2026-06-18 09:25:36] [DEBUG] [paramiko.transport] server key: ssh-rsa, rsa-sha2-512, rsa-sha2-256, ecdsa-sha2-nistp256, ssh-ed25519
[2026-06-18 09:25:36] [DEBUG] [paramiko.transport] client encrypt: aes256-ctr, aes192-ctr, aes128-ctr
[2026-06-18 09:25:36] [DEBUG] [paramiko.transport] server encrypt: aes256-ctr, aes192-ctr, aes128-ctr
[2026-06-18 09:25:36] [DEBUG] [paramiko.transport] client mac: hmac-sha2-512, hmac-sha2-256
[2026-06-18 09:25:36] [DEBUG] [paramiko.transport] server mac: hmac-sha2-512, hmac-sha2-256
[2026-06-18 09:25:36] [DEBUG] [paramiko.transport] client compress: none, zlib@openssh.com
[2026-06-18 09:25:36] [DEBUG] [paramiko.transport] server compress: none, zlib@openssh.com
[2026-06-18 09:25:36] [DEBUG] [paramiko.transport] client lang: <none>
[2026-06-18 09:25:36] [DEBUG] [paramiko.transport] server lang: <none>
[2026-06-18 09:25:36] [DEBUG] [paramiko.transport] kex follows: False
[2026-06-18 09:25:36] [DEBUG] [paramiko.transport] === Key exchange agreements ===
[2026-06-18 09:25:36] [DEBUG] [paramiko.transport] Kex: ecdh-sha2-nistp256
[2026-06-18 09:25:36] [DEBUG] [paramiko.transport] HostKey: ssh-ed25519
[2026-06-18 09:25:36] [DEBUG] [paramiko.transport] Cipher: aes128-ctr
[2026-06-18 09:25:36] [DEBUG] [paramiko.transport] MAC: hmac-sha2-256
[2026-06-18 09:25:36] [DEBUG] [paramiko.transport] Compression: none
[2026-06-18 09:25:36] [DEBUG] [paramiko.transport] === End of kex handshake ===
[2026-06-18 09:25:36] [DEBUG] [paramiko.transport] kex engine KexNistp256 specified hash_algo <built-in function openssl_sha256>
[2026-06-18 09:25:36] [DEBUG] [paramiko.transport] Switch to new keys ...
[2026-06-18 09:25:36] [DEBUG] [paramiko.transport] Adding ssh-ed25519 host key for [192.168.198.2]:22: b'24ad618db0129188fcbb64a5c8d08aec'
[2026-06-18 09:25:36] [DEBUG] [paramiko.transport] Got EXT_INFO: {'server-sig-algs': b'rsa-sha2-256,rsa-sha2-512'}
[2026-06-18 09:25:36] [DEBUG] [paramiko.transport] Trying discovered key b'5cd4e8f108050ee4f6cfed98a16476db' in C:\Users\xingq.FHC-DOMAIN/.ssh/id_rsa
[2026-06-18 09:25:36] [DEBUG] [paramiko.transport] userauth is OK
[2026-06-18 09:25:36] [DEBUG] [paramiko.transport] Finalizing pubkey algorithm for key of type 'ssh-rsa'
[2026-06-18 09:25:36] [DEBUG] [paramiko.transport] Our pubkey algorithm list: ['rsa-sha2-512', 'rsa-sha2-256', 'ssh-rsa']
[2026-06-18 09:25:36] [DEBUG] [paramiko.transport] Server-side algorithm list: ['rsa-sha2-256', 'rsa-sha2-512']
[2026-06-18 09:25:36] [DEBUG] [paramiko.transport] Agreed upon 'rsa-sha2-512' pubkey algorithm
[2026-06-18 09:25:36] [INFO] [paramiko.transport] Authentication (publickey) failed.
[2026-06-18 09:25:36] [DEBUG] [paramiko.transport] Trying discovered key b'91928894cb1650bf60207672151d07d0' in C:\Users\xingq.FHC-DOMAIN/.ssh/id_ed25519
[2026-06-18 09:25:36] [DEBUG] [paramiko.transport] userauth is OK
[2026-06-18 09:25:36] [INFO] [paramiko.transport] Authentication (publickey) failed.
[2026-06-18 09:25:36] [DEBUG] [paramiko.transport] [chan 0] EOF sent (0)
[2026-06-18 09:25:36] [DEBUG] [paramiko.transport] [chan 0] EOF sent (0)
[2026-06-18 09:25:36] [DEBUG] [paramiko.transport] Ignoring message for dead channel 0
[2026-06-18 09:25:36] [DEBUG] [paramiko.transport] userauth is OK
[2026-06-18 09:25:36] [DEBUG] [paramiko.transport] Ignoring message for dead channel 0
[2026-06-18 09:25:36] [DEBUG] [paramiko.transport] Ignoring message for dead channel 0
[2026-06-18 09:25:36] [DEBUG] [paramiko.transport] Ignoring message for dead channel 0
[2026-06-18 09:25:36] [INFO] [paramiko.transport] Authentication (password) successful!
[2026-06-18 09:25:36] [DEBUG] [paramiko.transport] [chan 0] Max packet in: 32768 bytes
[2026-06-18 09:25:36] [DEBUG] [paramiko.transport] Received global request "hostkeys-00@openssh.com"
[2026-06-18 09:25:36] [DEBUG] [paramiko.transport] Rejecting "hostkeys-00@openssh.com" global request from server.
[2026-06-18 09:25:36] [DEBUG] [paramiko.transport] [chan 0] Max packet out: 32768 bytes
[2026-06-18 09:25:36] [DEBUG] [paramiko.transport] Secsh channel 0 opened.
[2026-06-18 09:25:36] [DEBUG] [paramiko.transport] [chan 0] Sesch channel 0 request ok
[2026-06-18 09:25:36] [DEBUG] [paramiko.transport] [chan 0] Sesch channel 0 request ok
[2026-06-18 09:25:36] [DEBUG] [paramiko.transport] [chan 1] Max packet in: 32768 bytes
[2026-06-18 09:25:36] [INFO] [MainWindow] ssh连接成功
[2026-06-18 09:25:36] [DEBUG] [paramiko.transport] [chan 1] Max packet out: 32768 bytes
[2026-06-18 09:25:36] [DEBUG] [paramiko.transport] Secsh channel 1 opened.
[2026-06-18 09:25:36] [DEBUG] [paramiko.transport] [chan 1] Sesch channel 1 request ok
[2026-06-18 09:25:36] [DEBUG] [paramiko.transport] [chan 1] EOF received (1)
[2026-06-18 09:25:36] [DEBUG] [paramiko.transport] [chan 1] EOF sent (1)
[2026-06-18 09:25:37] [DEBUG] [paramiko.transport] [chan 2] Max packet in: 32768 bytes
[2026-06-18 09:25:37] [DEBUG] [paramiko.transport] [chan 2] Max packet out: 32768 bytes
[2026-06-18 09:25:37] [DEBUG] [paramiko.transport] Secsh channel 2 opened.
[2026-06-18 09:25:37] [DEBUG] [paramiko.transport] [chan 2] Sesch channel 2 request ok
[2026-06-18 09:25:37] [DEBUG] [paramiko.transport] [chan 2] EOF received (2)
[2026-06-18 09:25:37] [DEBUG] [paramiko.transport] [chan 2] EOF sent (2)
[2026-06-18 09:25:37] [DEBUG] [paramiko.transport] [chan 3] Max packet in: 32768 bytes
[2026-06-18 09:25:37] [DEBUG] [paramiko.transport] [chan 3] Max packet out: 32768 bytes
[2026-06-18 09:25:37] [DEBUG] [paramiko.transport] Secsh channel 3 opened.
[2026-06-18 09:25:37] [DEBUG] [paramiko.transport] [chan 3] Sesch channel 3 request ok
[2026-06-18 09:25:37] [DEBUG] [paramiko.transport] [chan 3] EOF received (3)
[2026-06-18 09:25:37] [DEBUG] [paramiko.transport] [chan 3] EOF sent (3)
[2026-06-18 09:25:37] [DEBUG] [paramiko.transport] starting thread (client mode): 0xe9ad0b50
[2026-06-18 09:25:37] [DEBUG] [paramiko.transport] Local version/idstring: SSH-2.0-paramiko_2.10.4
[2026-06-18 09:25:37] [DEBUG] [paramiko.transport] Remote version/idstring: SSH-2.0-OpenSSH_7.4
[2026-06-18 09:25:37] [INFO] [paramiko.transport] Connected (version 2.0, client OpenSSH_7.4)
[2026-06-18 09:25:37] [DEBUG] [paramiko.transport] === Key exchange possibilities ===
[2026-06-18 09:25:37] [DEBUG] [paramiko.transport] kex algos: diffie-hellman-group14-sha1, diffie-hellman-group14-sha256, ecdh-sha2-nistp256, curve25519-sha256
[2026-06-18 09:25:37] [DEBUG] [paramiko.transport] server key: ssh-rsa, rsa-sha2-512, rsa-sha2-256, ecdsa-sha2-nistp256, ssh-ed25519
[2026-06-18 09:25:37] [DEBUG] [paramiko.transport] client encrypt: aes256-ctr, aes192-ctr, aes128-ctr
[2026-06-18 09:25:37] [DEBUG] [paramiko.transport] server encrypt: aes256-ctr, aes192-ctr, aes128-ctr
[2026-06-18 09:25:37] [DEBUG] [paramiko.transport] client mac: hmac-sha2-512, hmac-sha2-256
[2026-06-18 09:25:37] [DEBUG] [paramiko.transport] server mac: hmac-sha2-512, hmac-sha2-256
[2026-06-18 09:25:37] [DEBUG] [paramiko.transport] client compress: none, zlib@openssh.com
[2026-06-18 09:25:37] [DEBUG] [paramiko.transport] server compress: none, zlib@openssh.com
[2026-06-18 09:25:37] [DEBUG] [paramiko.transport] client lang: <none>
[2026-06-18 09:25:37] [DEBUG] [paramiko.transport] server lang: <none>
[2026-06-18 09:25:37] [DEBUG] [paramiko.transport] kex follows: False
[2026-06-18 09:25:37] [DEBUG] [paramiko.transport] === Key exchange agreements ===
[2026-06-18 09:25:37] [DEBUG] [paramiko.transport] Kex: ecdh-sha2-nistp256
[2026-06-18 09:25:37] [DEBUG] [paramiko.transport] HostKey: ssh-ed25519
[2026-06-18 09:25:37] [DEBUG] [paramiko.transport] Cipher: aes128-ctr
[2026-06-18 09:25:37] [DEBUG] [paramiko.transport] MAC: hmac-sha2-256
[2026-06-18 09:25:37] [DEBUG] [paramiko.transport] Compression: none
[2026-06-18 09:25:37] [DEBUG] [paramiko.transport] === End of kex handshake ===
[2026-06-18 09:25:37] [DEBUG] [paramiko.transport] kex engine KexNistp256 specified hash_algo <built-in function openssl_sha256>
[2026-06-18 09:25:37] [DEBUG] [paramiko.transport] Switch to new keys ...
[2026-06-18 09:25:37] [DEBUG] [paramiko.transport] Adding ssh-ed25519 host key for [192.168.198.2]:22: b'24ad618db0129188fcbb64a5c8d08aec'
[2026-06-18 09:25:37] [DEBUG] [paramiko.transport] Got EXT_INFO: {'server-sig-algs': b'rsa-sha2-256,rsa-sha2-512'}
[2026-06-18 09:25:37] [DEBUG] [paramiko.transport] Trying discovered key b'5cd4e8f108050ee4f6cfed98a16476db' in C:\Users\xingq.FHC-DOMAIN/.ssh/id_rsa
[2026-06-18 09:25:37] [DEBUG] [paramiko.transport] userauth is OK
[2026-06-18 09:25:37] [DEBUG] [paramiko.transport] Finalizing pubkey algorithm for key of type 'ssh-rsa'
[2026-06-18 09:25:37] [DEBUG] [paramiko.transport] Our pubkey algorithm list: ['rsa-sha2-512', 'rsa-sha2-256', 'ssh-rsa']
[2026-06-18 09:25:37] [DEBUG] [paramiko.transport] Server-side algorithm list: ['rsa-sha2-256', 'rsa-sha2-512']
[2026-06-18 09:25:37] [DEBUG] [paramiko.transport] Agreed upon 'rsa-sha2-512' pubkey algorithm
[2026-06-18 09:25:37] [INFO] [paramiko.transport] Authentication (publickey) failed.
[2026-06-18 09:25:37] [DEBUG] [paramiko.transport] Trying discovered key b'91928894cb1650bf60207672151d07d0' in C:\Users\xingq.FHC-DOMAIN/.ssh/id_ed25519
[2026-06-18 09:25:37] [DEBUG] [paramiko.transport] userauth is OK
[2026-06-18 09:25:37] [INFO] [paramiko.transport] Authentication (publickey) failed.
[2026-06-18 09:25:37] [DEBUG] [paramiko.transport] userauth is OK
[2026-06-18 09:25:37] [INFO] [paramiko.transport] Authentication (password) successful!
[2026-06-18 09:25:37] [DEBUG] [paramiko.transport] [chan 0] Max packet in: 32768 bytes
[2026-06-18 09:25:37] [DEBUG] [paramiko.transport] Received global request "hostkeys-00@openssh.com"
[2026-06-18 09:25:37] [DEBUG] [paramiko.transport] Rejecting "hostkeys-00@openssh.com" global request from server.
[2026-06-18 09:25:37] [DEBUG] [paramiko.transport] [chan 0] Max packet out: 32768 bytes
[2026-06-18 09:25:37] [DEBUG] [paramiko.transport] Secsh channel 0 opened.
[2026-06-18 09:25:37] [DEBUG] [paramiko.transport] [chan 0] Sesch channel 0 request ok
[2026-06-18 09:25:37] [DEBUG] [paramiko.transport] [chan 0] Sesch channel 0 request ok
[2026-06-18 09:25:37] [DEBUG] [paramiko.transport] [chan 1] Max packet in: 32768 bytes
[2026-06-18 09:25:37] [INFO] [MainWindow] ssh连接成功
[2026-06-18 09:25:37] [DEBUG] [paramiko.transport] [chan 1] Max packet out: 32768 bytes
[2026-06-18 09:25:37] [DEBUG] [paramiko.transport] Secsh channel 1 opened.
[2026-06-18 09:25:37] [DEBUG] [paramiko.transport] [chan 1] Sesch channel 1 request ok
[2026-06-18 09:25:37] [DEBUG] [paramiko.transport] [chan 1] EOF received (1)
[2026-06-18 09:25:37] [DEBUG] [paramiko.transport] [chan 2] Max packet in: 32768 bytes
[2026-06-18 09:25:37] [DEBUG] [paramiko.transport] [chan 1] EOF sent (1)
[2026-06-18 09:25:37] [DEBUG] [paramiko.transport] [chan 2] Max packet out: 32768 bytes
[2026-06-18 09:25:37] [DEBUG] [paramiko.transport] Secsh channel 2 opened.
[2026-06-18 09:25:37] [DEBUG] [paramiko.transport] [chan 2] Sesch channel 2 request ok
[2026-06-18 09:25:37] [DEBUG] [paramiko.transport] [chan 2] EOF received (2)
[2026-06-18 09:25:37] [DEBUG] [paramiko.transport] [chan 2] EOF sent (2)
[2026-06-18 09:25:37] [DEBUG] [paramiko.transport] [chan 0] EOF sent (0)
[2026-06-18 09:25:37] [DEBUG] [paramiko.transport] EOF in transport thread
[2026-06-18 09:25:37] [INFO] [MainWindow] ssh断开成功
[2026-06-18 09:25:38] [DEBUG] [paramiko.transport] [chan 4] Max packet in: 32768 bytes
[2026-06-18 09:25:38] [DEBUG] [paramiko.transport] [chan 4] Max packet out: 32768 bytes
[2026-06-18 09:25:38] [DEBUG] [paramiko.transport] Secsh channel 4 opened.
[2026-06-18 09:25:38] [DEBUG] [paramiko.transport] [chan 4] Sesch channel 4 request ok
[2026-06-18 09:25:38] [DEBUG] [paramiko.transport] [chan 4] EOF received (4)
[2026-06-18 09:25:38] [DEBUG] [paramiko.transport] [chan 4] EOF sent (4)
[2026-06-18 09:25:38] [DEBUG] [paramiko.transport] [chan 5] Max packet in: 32768 bytes
[2026-06-18 09:25:38] [DEBUG] [paramiko.transport] [chan 5] Max packet out: 32768 bytes
[2026-06-18 09:25:38] [DEBUG] [paramiko.transport] Secsh channel 5 opened.
[2026-06-18 09:25:38] [DEBUG] [paramiko.transport] [chan 5] Sesch channel 5 request ok
[2026-06-18 09:25:38] [DEBUG] [paramiko.transport] [chan 5] EOF received (5)
[2026-06-18 09:25:38] [DEBUG] [paramiko.transport] [chan 5] EOF sent (5)
[2026-06-18 09:25:38] [INFO] [MainWindow] 192.168.198.2监控已经停止
[2026-06-18 09:25:39] [DEBUG] [paramiko.transport] starting thread (client mode): 0xe9adee20
[2026-06-18 09:25:39] [DEBUG] [paramiko.transport] Local version/idstring: SSH-2.0-paramiko_2.10.4
[2026-06-18 09:25:39] [DEBUG] [paramiko.transport] Remote version/idstring: SSH-2.0-OpenSSH_7.4
[2026-06-18 09:25:39] [INFO] [paramiko.transport] Connected (version 2.0, client OpenSSH_7.4)
[2026-06-18 09:25:39] [DEBUG] [paramiko.transport] === Key exchange possibilities ===
[2026-06-18 09:25:39] [DEBUG] [paramiko.transport] kex algos: diffie-hellman-group14-sha1, diffie-hellman-group14-sha256, ecdh-sha2-nistp256, curve25519-sha256
[2026-06-18 09:25:39] [DEBUG] [paramiko.transport] server key: ssh-rsa, rsa-sha2-512, rsa-sha2-256, ecdsa-sha2-nistp256, ssh-ed25519
[2026-06-18 09:25:39] [DEBUG] [paramiko.transport] client encrypt: aes256-ctr, aes192-ctr, aes128-ctr
[2026-06-18 09:25:39] [DEBUG] [paramiko.transport] server encrypt: aes256-ctr, aes192-ctr, aes128-ctr
[2026-06-18 09:25:39] [DEBUG] [paramiko.transport] client mac: hmac-sha2-512, hmac-sha2-256
[2026-06-18 09:25:39] [DEBUG] [paramiko.transport] server mac: hmac-sha2-512, hmac-sha2-256
[2026-06-18 09:25:39] [DEBUG] [paramiko.transport] client compress: none, zlib@openssh.com
[2026-06-18 09:25:39] [DEBUG] [paramiko.transport] server compress: none, zlib@openssh.com
[2026-06-18 09:25:39] [DEBUG] [paramiko.transport] client lang: <none>
[2026-06-18 09:25:39] [DEBUG] [paramiko.transport] server lang: <none>
[2026-06-18 09:25:39] [DEBUG] [paramiko.transport] kex follows: False
[2026-06-18 09:25:39] [DEBUG] [paramiko.transport] === Key exchange agreements ===
[2026-06-18 09:25:39] [DEBUG] [paramiko.transport] Kex: ecdh-sha2-nistp256
[2026-06-18 09:25:39] [DEBUG] [paramiko.transport] HostKey: ssh-ed25519
[2026-06-18 09:25:39] [DEBUG] [paramiko.transport] Cipher: aes128-ctr
[2026-06-18 09:25:39] [DEBUG] [paramiko.transport] MAC: hmac-sha2-256
[2026-06-18 09:25:39] [DEBUG] [paramiko.transport] Compression: none
[2026-06-18 09:25:39] [DEBUG] [paramiko.transport] === End of kex handshake ===
[2026-06-18 09:25:39] [DEBUG] [paramiko.transport] kex engine KexNistp256 specified hash_algo <built-in function openssl_sha256>
[2026-06-18 09:25:39] [DEBUG] [paramiko.transport] Switch to new keys ...
[2026-06-18 09:25:39] [DEBUG] [paramiko.transport] Got EXT_INFO: {'server-sig-algs': b'rsa-sha2-256,rsa-sha2-512'}
[2026-06-18 09:25:39] [DEBUG] [paramiko.transport] Adding ssh-ed25519 host key for [192.168.198.2]:22: b'24ad618db0129188fcbb64a5c8d08aec'
[2026-06-18 09:25:39] [DEBUG] [paramiko.transport] Trying discovered key b'5cd4e8f108050ee4f6cfed98a16476db' in C:\Users\xingq.FHC-DOMAIN/.ssh/id_rsa
[2026-06-18 09:25:39] [DEBUG] [paramiko.transport] userauth is OK
[2026-06-18 09:25:39] [DEBUG] [paramiko.transport] Finalizing pubkey algorithm for key of type 'ssh-rsa'
[2026-06-18 09:25:39] [DEBUG] [paramiko.transport] Our pubkey algorithm list: ['rsa-sha2-512', 'rsa-sha2-256', 'ssh-rsa']
[2026-06-18 09:25:39] [DEBUG] [paramiko.transport] Server-side algorithm list: ['rsa-sha2-256', 'rsa-sha2-512']
[2026-06-18 09:25:39] [DEBUG] [paramiko.transport] Agreed upon 'rsa-sha2-512' pubkey algorithm
[2026-06-18 09:25:39] [INFO] [paramiko.transport] Authentication (publickey) failed.
[2026-06-18 09:25:39] [DEBUG] [paramiko.transport] Trying discovered key b'91928894cb1650bf60207672151d07d0' in C:\Users\xingq.FHC-DOMAIN/.ssh/id_ed25519
[2026-06-18 09:25:39] [DEBUG] [paramiko.transport] userauth is OK
[2026-06-18 09:25:39] [INFO] [paramiko.transport] Authentication (publickey) failed.
[2026-06-18 09:25:39] [DEBUG] [paramiko.transport] userauth is OK
[2026-06-18 09:25:39] [INFO] [paramiko.transport] Authentication (password) successful!
[2026-06-18 09:25:39] [DEBUG] [paramiko.transport] [chan 0] Max packet in: 32768 bytes
[2026-06-18 09:25:39] [DEBUG] [paramiko.transport] Received global request "hostkeys-00@openssh.com"
[2026-06-18 09:25:39] [DEBUG] [paramiko.transport] Rejecting "hostkeys-00@openssh.com" global request from server.
[2026-06-18 09:25:39] [DEBUG] [paramiko.transport] [chan 0] Max packet out: 32768 bytes
[2026-06-18 09:25:39] [DEBUG] [paramiko.transport] Secsh channel 0 opened.
[2026-06-18 09:25:39] [DEBUG] [paramiko.transport] [chan 0] Sesch channel 0 request ok
[2026-06-18 09:25:39] [DEBUG] [paramiko.transport] [chan 0] Sesch channel 0 request ok
[2026-06-18 09:25:39] [INFO] [MainWindow] ssh连接成功
[2026-06-18 09:25:39] [DEBUG] [paramiko.transport] [chan 1] Max packet in: 32768 bytes
[2026-06-18 09:25:39] [DEBUG] [paramiko.transport] [chan 1] Max packet out: 32768 bytes
[2026-06-18 09:25:39] [DEBUG] [paramiko.transport] Secsh channel 1 opened.
[2026-06-18 09:25:39] [DEBUG] [paramiko.transport] [chan 1] Sesch channel 1 request ok
[2026-06-18 09:25:39] [DEBUG] [paramiko.transport] [chan 1] EOF received (1)
[2026-06-18 09:25:39] [DEBUG] [paramiko.transport] [chan 1] EOF sent (1)
[2026-06-18 09:25:39] [DEBUG] [paramiko.transport] [chan 2] Max packet in: 32768 bytes
[2026-06-18 09:25:39] [DEBUG] [paramiko.transport] [chan 2] Max packet out: 32768 bytes
[2026-06-18 09:25:39] [DEBUG] [paramiko.transport] Secsh channel 2 opened.
[2026-06-18 09:25:39] [DEBUG] [paramiko.transport] [chan 2] Sesch channel 2 request ok
[2026-06-18 09:25:39] [DEBUG] [paramiko.transport] [chan 2] EOF received (2)
[2026-06-18 09:25:39] [DEBUG] [paramiko.transport] [chan 3] Max packet in: 32768 bytes
[2026-06-18 09:25:39] [DEBUG] [paramiko.transport] [chan 2] EOF sent (2)
[2026-06-18 09:25:39] [DEBUG] [paramiko.transport] [chan 3] Max packet out: 32768 bytes
[2026-06-18 09:25:39] [DEBUG] [paramiko.transport] Secsh channel 3 opened.
[2026-06-18 09:25:39] [DEBUG] [paramiko.transport] [chan 3] Sesch channel 3 request ok
[2026-06-18 09:25:39] [DEBUG] [paramiko.transport] [chan 3] EOF received (3)
[2026-06-18 09:25:39] [DEBUG] [paramiko.transport] [chan 3] EOF sent (3)
[2026-06-18 09:25:39] [DEBUG] [paramiko.transport] [chan 4] Max packet in: 32768 bytes
[2026-06-18 09:25:39] [INFO] [MainWindow] 开始查找符合条件的文件...
[2026-06-18 09:25:39] [DEBUG] [paramiko.transport] [chan 6] Max packet in: 32768 bytes
[2026-06-18 09:25:39] [DEBUG] [paramiko.transport] [chan 6] Max packet out: 32768 bytes
[2026-06-18 09:25:39] [DEBUG] [paramiko.transport] Secsh channel 6 opened.
[2026-06-18 09:25:39] [DEBUG] [paramiko.transport] [chan 6] Sesch channel 6 request ok
[2026-06-18 09:25:39] [DEBUG] [paramiko.transport] [chan 6] EOF received (6)
[2026-06-18 09:25:39] [DEBUG] [paramiko.transport] [chan 6] EOF sent (6)
[2026-06-18 09:25:39] [DEBUG] [paramiko.transport] [chan 7] Max packet in: 32768 bytes
[2026-06-18 09:25:39] [DEBUG] [paramiko.transport] [chan 4] Max packet out: 32768 bytes
[2026-06-18 09:25:39] [DEBUG] [paramiko.transport] Secsh channel 4 opened.
[2026-06-18 09:25:39] [DEBUG] [paramiko.transport] [chan 4] Sesch channel 4 request ok
[2026-06-18 09:25:39] [DEBUG] [paramiko.transport] [chan 4] EOF received (4)
[2026-06-18 09:25:39] [DEBUG] [paramiko.transport] [chan 5] Max packet in: 32768 bytes
[2026-06-18 09:25:39] [DEBUG] [paramiko.transport] [chan 4] EOF sent (4)
[2026-06-18 09:25:39] [DEBUG] [paramiko.transport] [chan 5] Max packet out: 32768 bytes
[2026-06-18 09:25:39] [DEBUG] [paramiko.transport] Secsh channel 5 opened.
[2026-06-18 09:25:39] [DEBUG] [paramiko.transport] [chan 7] Max packet out: 32768 bytes
[2026-06-18 09:25:39] [DEBUG] [paramiko.transport] Secsh channel 7 opened.
[2026-06-18 09:25:39] [DEBUG] [paramiko.transport] [chan 7] Sesch channel 7 request ok
[2026-06-18 09:25:39] [DEBUG] [paramiko.transport] [chan 7] EOF received (7)
[2026-06-18 09:25:39] [DEBUG] [paramiko.transport] [chan 7] EOF sent (7)
[2026-06-18 09:25:39] [DEBUG] [paramiko.transport] [chan 5] Sesch channel 5 request ok
[2026-06-18 09:25:39] [DEBUG] [paramiko.transport] [chan 5] EOF received (5)
[2026-06-18 09:25:39] [DEBUG] [paramiko.transport] [chan 6] Max packet in: 32768 bytes
[2026-06-18 09:25:39] [DEBUG] [paramiko.transport] [chan 5] EOF sent (5)
[2026-06-18 09:25:39] [INFO] [MainWindow] 找到1个目录, 2个文件
[2026-06-18 09:25:39] [INFO] [MainWindow] 开始创建目录
[2026-06-18 09:25:39] [DEBUG] [paramiko.transport] [chan 6] Max packet out: 32768 bytes
[2026-06-18 09:25:39] [DEBUG] [paramiko.transport] Secsh channel 6 opened.
[2026-06-18 09:25:39] [DEBUG] [paramiko.transport] [chan 6] Sesch channel 6 request ok
[2026-06-18 09:25:39] [DEBUG] [paramiko.transport] [chan 6] EOF received (6)
[2026-06-18 09:25:39] [DEBUG] [paramiko.transport] [chan 7] Max packet in: 32768 bytes
[2026-06-18 09:25:39] [DEBUG] [paramiko.transport] [chan 6] EOF sent (6)
[2026-06-18 09:25:39] [DEBUG] [paramiko.transport] [chan 7] Max packet out: 32768 bytes
[2026-06-18 09:25:39] [DEBUG] [paramiko.transport] Secsh channel 7 opened.
[2026-06-18 09:25:39] [DEBUG] [paramiko.transport] [chan 7] Sesch channel 7 request ok
[2026-06-18 09:25:39] [DEBUG] [paramiko.transport] [chan 7] EOF received (7)
[2026-06-18 09:25:39] [DEBUG] [paramiko.transport] [chan 8] Max packet in: 32768 bytes
[2026-06-18 09:25:39] [DEBUG] [paramiko.transport] [chan 7] EOF sent (7)
[2026-06-18 09:25:39] [INFO] [MainWindow] 开始复制文件到远程临时目录，共2个文件
[2026-06-18 09:25:39] [DEBUG] [paramiko.transport] [chan 8] Max packet out: 32768 bytes
[2026-06-18 09:25:39] [DEBUG] [paramiko.transport] Secsh channel 8 opened.
[2026-06-18 09:25:39] [DEBUG] [paramiko.transport] [chan 8] Sesch channel 8 request ok
[2026-06-18 09:25:39] [DEBUG] [paramiko.transport] [chan 8] EOF received (8)
[2026-06-18 09:25:39] [DEBUG] [paramiko.transport] [chan 9] Max packet in: 32768 bytes
[2026-06-18 09:25:39] [INFO] [MainWindow] 已复制到临时目录 1/2: /home/root/OneClick/Monitor/OneClickMonitor.sh -> /home/root/OneClick_temp1781745939.370478260/Monitor/OneClickMonitor.sh
[2026-06-18 09:25:39] [DEBUG] [paramiko.transport] [chan 8] EOF sent (8)
[2026-06-18 09:25:39] [DEBUG] [paramiko.transport] [chan 9] Max packet out: 32768 bytes
[2026-06-18 09:25:39] [DEBUG] [paramiko.transport] Secsh channel 9 opened.
[2026-06-18 09:25:39] [DEBUG] [paramiko.transport] [chan 9] Sesch channel 9 request ok
[2026-06-18 09:25:39] [DEBUG] [paramiko.transport] [chan 9] EOF received (9)
[2026-06-18 09:25:39] [DEBUG] [paramiko.transport] [chan 9] EOF sent (9)
[2026-06-18 09:25:39] [DEBUG] [paramiko.transport] [chan 10] Max packet in: 32768 bytes
[2026-06-18 09:25:39] [INFO] [MainWindow] 已复制到临时目录 2/2: /home/root/OneClick/Monitor/system.log -> /home/root/OneClick_temp1781745939.370478260/Monitor/system.log
[2026-06-18 09:25:39] [DEBUG] [paramiko.transport] [chan 10] Max packet out: 32768 bytes
[2026-06-18 09:25:39] [DEBUG] [paramiko.transport] Secsh channel 10 opened.
[2026-06-18 09:25:39] [DEBUG] [paramiko.transport] [chan 10] Sesch channel 10 request ok
[2026-06-18 09:25:39] [DEBUG] [paramiko.transport] [chan 10] EOF received (10)
[2026-06-18 09:25:39] [DEBUG] [paramiko.transport] [chan 11] Max packet in: 32768 bytes
[2026-06-18 09:25:39] [DEBUG] [paramiko.transport] [chan 10] EOF sent (10)
[2026-06-18 09:25:39] [DEBUG] [paramiko.transport] [chan 11] Max packet out: 32768 bytes
[2026-06-18 09:25:39] [DEBUG] [paramiko.transport] Secsh channel 11 opened.
[2026-06-18 09:25:39] [DEBUG] [paramiko.transport] [chan 11] Sesch channel 11 request ok
[2026-06-18 09:25:39] [DEBUG] [paramiko.transport] [chan 11] EOF received (11)
[2026-06-18 09:25:39] [DEBUG] [paramiko.transport] [chan 12] Max packet in: 32768 bytes
[2026-06-18 09:25:39] [DEBUG] [paramiko.transport] [chan 11] EOF sent (11)
[2026-06-18 09:25:39] [INFO] [MainWindow] 开始下载，大小: 0.03 M
[2026-06-18 09:25:39] [DEBUG] [paramiko.transport] [chan 12] Max packet out: 32768 bytes
[2026-06-18 09:25:39] [DEBUG] [paramiko.transport] Secsh channel 12 opened.
[2026-06-18 09:25:40] [DEBUG] [paramiko.transport] [chan 12] Sesch channel 12 request ok
[2026-06-18 09:25:40] [INFO] [MainWindow] 传输进度: |---       |
[2026-06-18 09:25:40] [INFO] [MainWindow] 传输进度: |-----     |
[2026-06-18 09:25:40] [INFO] [MainWindow] 传输进度: |------    |
[2026-06-18 09:25:40] [DEBUG] [paramiko.transport] [chan 12] EOF received (12)
[2026-06-18 09:25:40] [DEBUG] [paramiko.transport] [chan 12] EOF sent (12)
[2026-06-18 09:25:40] [DEBUG] [paramiko.transport] [chan 13] Max packet in: 32768 bytes
[2026-06-18 09:25:40] [DEBUG] [paramiko.transport] [chan 13] Max packet out: 32768 bytes
[2026-06-18 09:25:40] [DEBUG] [paramiko.transport] Secsh channel 13 opened.
[2026-06-18 09:25:40] [DEBUG] [paramiko.transport] [chan 13] Sesch channel 13 request ok
[2026-06-18 09:25:40] [DEBUG] [paramiko.transport] [chan 13] EOF received (13)
[2026-06-18 09:25:40] [DEBUG] [paramiko.transport] [chan 13] EOF sent (13)
[2026-06-18 09:25:40] [INFO] [MainWindow] 远程临时目录已删除
[2026-06-18 09:25:40] [DEBUG] [paramiko.transport] [chan 14] Max packet in: 32768 bytes
[2026-06-18 09:25:40] [INFO] [MainWindow] 下载完毕！文件已保存到: D:/Users/xingq.FHC-DOMAIN/Desktop/projects/OneClick/192.168.198.2/Monitor
[2026-06-18 09:25:40] [DEBUG] [paramiko.transport] [chan 14] Max packet out: 32768 bytes
[2026-06-18 09:25:40] [DEBUG] [paramiko.transport] Secsh channel 14 opened.
[2026-06-18 09:25:40] [DEBUG] [paramiko.transport] [chan 14] Sesch channel 14 request ok
[2026-06-18 09:25:40] [DEBUG] [paramiko.transport] [chan 14] EOF received (14)
[2026-06-18 09:25:40] [DEBUG] [paramiko.transport] [chan 14] EOF sent (14)
[2026-06-18 09:25:40] [DEBUG] [paramiko.transport] [chan 0] EOF sent (0)
[2026-06-18 09:25:40] [DEBUG] [paramiko.transport] EOF in transport thread
[2026-06-18 09:25:40] [INFO] [MainWindow] ssh断开成功
[2026-06-18 09:25:40] [DEBUG] [paramiko.transport] [chan 8] Max packet in: 32768 bytes
[2026-06-18 09:25:40] [DEBUG] [paramiko.transport] [chan 8] Max packet out: 32768 bytes
[2026-06-18 09:25:40] [DEBUG] [paramiko.transport] Secsh channel 8 opened.
[2026-06-18 09:25:40] [DEBUG] [paramiko.transport] [chan 8] Sesch channel 8 request ok
[2026-06-18 09:25:40] [DEBUG] [paramiko.transport] [chan 8] EOF received (8)
[2026-06-18 09:25:40] [DEBUG] [paramiko.transport] [chan 8] EOF sent (8)
[2026-06-18 09:25:40] [DEBUG] [paramiko.transport] [chan 9] Max packet in: 32768 bytes
[2026-06-18 09:25:40] [DEBUG] [paramiko.transport] [chan 9] Max packet out: 32768 bytes
[2026-06-18 09:25:40] [DEBUG] [paramiko.transport] Secsh channel 9 opened.
[2026-06-18 09:25:40] [DEBUG] [paramiko.transport] [chan 9] Sesch channel 9 request ok
[2026-06-18 09:25:40] [DEBUG] [paramiko.transport] [chan 9] EOF received (9)
[2026-06-18 09:25:40] [DEBUG] [paramiko.transport] [chan 9] EOF sent (9)
[2026-06-18 09:25:41] [INFO] [MainWindow] 监控数据已下载到D:/Users/xingq.FHC-DOMAIN/Desktop/projects/OneClick/192.168.198.2/Monitor
[2026-06-18 09:25:41] [DEBUG] [paramiko.transport] Sending global request "keepalive@lag.net"
[2026-06-18 09:25:41] [DEBUG] [paramiko.transport] Sending global request "keepalive@lag.net"
[2026-06-18 09:25:41] [DEBUG] [paramiko.transport] [chan 10] Max packet in: 32768 bytes
[2026-06-18 09:25:41] [DEBUG] [paramiko.transport] [chan 10] Max packet out: 32768 bytes
[2026-06-18 09:25:41] [DEBUG] [paramiko.transport] Secsh channel 10 opened.
[2026-06-18 09:25:41] [DEBUG] [paramiko.transport] [chan 10] Sesch channel 10 request ok
[2026-06-18 09:25:41] [DEBUG] [paramiko.transport] [chan 10] EOF received (10)
[2026-06-18 09:25:41] [DEBUG] [paramiko.transport] [chan 10] EOF sent (10)
[2026-06-18 09:25:41] [DEBUG] [paramiko.transport] [chan 11] Max packet in: 32768 bytes
[2026-06-18 09:25:41] [DEBUG] [paramiko.transport] [chan 11] Max packet out: 32768 bytes
[2026-06-18 09:25:41] [DEBUG] [paramiko.transport] Secsh channel 11 opened.
[2026-06-18 09:25:41] [DEBUG] [paramiko.transport] [chan 11] Sesch channel 11 request ok
[2026-06-18 09:25:41] [DEBUG] [paramiko.transport] [chan 11] EOF received (11)
[2026-06-18 09:25:41] [DEBUG] [paramiko.transport] [chan 11] EOF sent (11)
[2026-06-18 09:25:42] [DEBUG] [paramiko.transport] [chan 12] Max packet in: 32768 bytes
[2026-06-18 09:25:42] [DEBUG] [paramiko.transport] [chan 12] Max packet out: 32768 bytes
[2026-06-18 09:25:42] [DEBUG] [paramiko.transport] Secsh channel 12 opened.
[2026-06-18 09:25:42] [DEBUG] [paramiko.transport] [chan 12] Sesch channel 12 request ok
[2026-06-18 09:25:42] [DEBUG] [paramiko.transport] [chan 12] EOF received (12)
[2026-06-18 09:25:42] [DEBUG] [paramiko.transport] [chan 12] EOF sent (12)
[2026-06-18 09:25:42] [DEBUG] [paramiko.transport] [chan 13] Max packet in: 32768 bytes
[2026-06-18 09:25:42] [DEBUG] [paramiko.transport] [chan 13] Max packet out: 32768 bytes
[2026-06-18 09:25:42] [DEBUG] [paramiko.transport] Secsh channel 13 opened.
[2026-06-18 09:25:42] [DEBUG] [paramiko.transport] [chan 13] Sesch channel 13 request ok
[2026-06-18 09:25:42] [DEBUG] [paramiko.transport] [chan 13] EOF received (13)
[2026-06-18 09:25:42] [DEBUG] [paramiko.transport] [chan 13] EOF sent (13)
[2026-06-18 09:25:43] [DEBUG] [paramiko.transport] [chan 14] Max packet in: 32768 bytes
[2026-06-18 09:25:43] [DEBUG] [paramiko.transport] [chan 14] Max packet out: 32768 bytes
[2026-06-18 09:25:43] [DEBUG] [paramiko.transport] Secsh channel 14 opened.
[2026-06-18 09:25:43] [DEBUG] [paramiko.transport] [chan 14] Sesch channel 14 request ok
[2026-06-18 09:25:43] [DEBUG] [paramiko.transport] [chan 14] EOF received (14)
[2026-06-18 09:25:43] [DEBUG] [paramiko.transport] [chan 14] EOF sent (14)
[2026-06-18 09:25:43] [DEBUG] [paramiko.transport] [chan 15] Max packet in: 32768 bytes
[2026-06-18 09:25:43] [DEBUG] [paramiko.transport] [chan 15] Max packet out: 32768 bytes
[2026-06-18 09:25:43] [DEBUG] [paramiko.transport] Secsh channel 15 opened.
[2026-06-18 09:25:43] [DEBUG] [paramiko.transport] [chan 15] Sesch channel 15 request ok
[2026-06-18 09:25:43] [DEBUG] [paramiko.transport] [chan 15] EOF received (15)
[2026-06-18 09:25:43] [DEBUG] [paramiko.transport] [chan 15] EOF sent (15)
[2026-06-18 09:25:44] [DEBUG] [paramiko.transport] [chan 16] Max packet in: 32768 bytes
[2026-06-18 09:25:44] [DEBUG] [paramiko.transport] [chan 16] Max packet out: 32768 bytes
[2026-06-18 09:25:44] [DEBUG] [paramiko.transport] Secsh channel 16 opened.
[2026-06-18 09:25:45] [DEBUG] [paramiko.transport] [chan 16] Sesch channel 16 request ok
[2026-06-18 09:25:45] [DEBUG] [paramiko.transport] [chan 16] EOF received (16)
[2026-06-18 09:25:45] [DEBUG] [paramiko.transport] [chan 16] EOF sent (16)
[2026-06-18 09:25:45] [DEBUG] [paramiko.transport] [chan 17] Max packet in: 32768 bytes
[2026-06-18 09:25:45] [DEBUG] [paramiko.transport] [chan 17] Max packet out: 32768 bytes
[2026-06-18 09:25:45] [DEBUG] [paramiko.transport] Secsh channel 17 opened.
[2026-06-18 09:25:45] [DEBUG] [paramiko.transport] [chan 17] Sesch channel 17 request ok
[2026-06-18 09:25:45] [DEBUG] [paramiko.transport] [chan 17] EOF received (17)
[2026-06-18 09:25:45] [DEBUG] [paramiko.transport] [chan 17] EOF sent (17)
[2026-06-18 09:25:45] [DEBUG] [matplotlib.figure] Executing constrainedlayout
[2026-06-18 09:25:45] [DEBUG] [matplotlib.font_manager] findfont: Matching sans\-serif:style=normal:variant=normal:weight=normal:stretch=normal:size=8.0.
[2026-06-18 09:25:45] [DEBUG] [matplotlib.font_manager] findfont: score(<Font 'cmmi10' (cmmi10.ttf) normal normal 400 normal>) = 10.05
[2026-06-18 09:25:45] [DEBUG] [matplotlib.font_manager] findfont: score(<Font 'STIXSizeOneSym' (STIXSizOneSymBol.ttf) normal normal 700 normal>) = 10.335
[2026-06-18 09:25:45] [DEBUG] [matplotlib.font_manager] findfont: score(<Font 'STIXSizeOneSym' (STIXSizOneSymReg.ttf) normal normal 400 normal>) = 10.05
[2026-06-18 09:25:45] [DEBUG] [matplotlib.font_manager] findfont: score(<Font 'cmr10' (cmr10.ttf) normal normal 400 normal>) = 10.05
[2026-06-18 09:25:45] [DEBUG] [matplotlib.font_manager] findfont: score(<Font 'STIXGeneral' (STIXGeneralItalic.ttf) italic normal 400 normal>) = 11.05
[2026-06-18 09:25:45] [DEBUG] [matplotlib.font_manager] findfont: score(<Font 'STIXGeneral' (STIXGeneralBolIta.ttf) italic normal 700 normal>) = 11.335
[2026-06-18 09:25:45] [DEBUG] [matplotlib.font_manager] findfont: score(<Font 'DejaVu Serif' (DejaVuSerif-Bold.ttf) normal normal 700 normal>) = 10.335
[2026-06-18 09:25:45] [DEBUG] [matplotlib.font_manager] findfont: score(<Font 'STIXNonUnicode' (STIXNonUniBolIta.ttf) italic normal 700 normal>) = 11.335
[2026-06-18 09:25:45] [DEBUG] [matplotlib.font_manager] findfont: score(<Font 'DejaVu Serif Display' (DejaVuSerifDisplay.ttf) normal normal 400 normal>) = 10.05
[2026-06-18 09:25:45] [DEBUG] [matplotlib.font_manager] findfont: score(<Font 'DejaVu Serif' (DejaVuSerif.ttf) normal normal 400 normal>) = 10.05
[2026-06-18 09:25:45] [DEBUG] [matplotlib.font_manager] findfont: score(<Font 'DejaVu Sans Mono' (DejaVuSansMono-BoldOblique.ttf) oblique normal 700 normal>) = 11.335
[2026-06-18 09:25:45] [DEBUG] [matplotlib.font_manager] findfont: score(<Font 'cmtt10' (cmtt10.ttf) normal normal 400 normal>) = 10.05
[2026-06-18 09:25:45] [DEBUG] [matplotlib.font_manager] findfont: score(<Font 'DejaVu Sans Mono' (DejaVuSansMono.ttf) normal normal 400 normal>) = 10.05
[2026-06-18 09:25:45] [DEBUG] [matplotlib.font_manager] findfont: score(<Font 'cmex10' (cmex10.ttf) normal normal 400 normal>) = 10.05
[2026-06-18 09:25:45] [DEBUG] [matplotlib.font_manager] findfont: score(<Font 'DejaVu Serif' (DejaVuSerif-BoldItalic.ttf) italic normal 700 normal>) = 11.335
[2026-06-18 09:25:45] [DEBUG] [matplotlib.font_manager] findfont: score(<Font 'cmb10' (cmb10.ttf) normal normal 400 normal>) = 10.05
[2026-06-18 09:25:45] [DEBUG] [matplotlib.font_manager] findfont: score(<Font 'DejaVu Sans' (DejaVuSans-Oblique.ttf) oblique normal 400 normal>) = 11.05
[2026-06-18 09:25:45] [DEBUG] [matplotlib.font_manager] findfont: score(<Font 'STIXNonUnicode' (STIXNonUni.ttf) normal normal 400 normal>) = 10.05
[2026-06-18 09:25:45] [DEBUG] [matplotlib.font_manager] findfont: score(<Font 'DejaVu Sans Mono' (DejaVuSansMono-Bold.ttf) normal normal 700 normal>) = 10.335
[2026-06-18 09:25:45] [DEBUG] [matplotlib.font_manager] findfont: score(<Font 'cmss10' (cmss10.ttf) normal normal 400 normal>) = 10.05
[2026-06-18 09:25:45] [DEBUG] [matplotlib.font_manager] findfont: score(<Font 'cmsy10' (cmsy10.ttf) normal normal 400 normal>) = 10.05
[2026-06-18 09:25:45] [DEBUG] [matplotlib.font_manager] findfont: score(<Font 'STIXSizeThreeSym' (STIXSizThreeSymBol.ttf) normal normal 700 normal>) = 10.335
[2026-06-18 09:25:45] [DEBUG] [matplotlib.font_manager] findfont: score(<Font 'DejaVu Sans Display' (DejaVuSansDisplay.ttf) normal normal 400 normal>) = 10.05
[2026-06-18 09:25:45] [DEBUG] [matplotlib.font_manager] findfont: score(<Font 'STIXSizeThreeSym' (STIXSizThreeSymReg.ttf) normal normal 400 normal>) = 10.05
[2026-06-18 09:25:45] [DEBUG] [matplotlib.font_manager] findfont: score(<Font 'DejaVu Sans Mono' (DejaVuSansMono-Oblique.ttf) oblique normal 400 normal>) = 11.05
[2026-06-18 09:25:45] [DEBUG] [matplotlib.font_manager] findfont: score(<Font 'STIXNonUnicode' (STIXNonUniIta.ttf) italic normal 400 normal>) = 11.05
[2026-06-18 09:25:45] [DEBUG] [matplotlib.font_manager] findfont: score(<Font 'STIXSizeFourSym' (STIXSizFourSymReg.ttf) normal normal 400 normal>) = 10.05
[2026-06-18 09:25:45] [DEBUG] [matplotlib.font_manager] findfont: score(<Font 'STIXSizeTwoSym' (STIXSizTwoSymBol.ttf) normal normal 700 normal>) = 10.335
[2026-06-18 09:25:45] [DEBUG] [matplotlib.font_manager] findfont: score(<Font 'STIXNonUnicode' (STIXNonUniBol.ttf) normal normal 700 normal>) = 10.335
[2026-06-18 09:25:45] [DEBUG] [matplotlib.font_manager] findfont: score(<Font 'DejaVu Sans' (DejaVuSans-BoldOblique.ttf) oblique normal 700 normal>) = 11.335
[2026-06-18 09:25:45] [DEBUG] [matplotlib.font_manager] findfont: score(<Font 'STIXGeneral' (STIXGeneralBol.ttf) normal normal 700 normal>) = 10.335
[2026-06-18 09:25:45] [DEBUG] [matplotlib.font_manager] findfont: score(<Font 'DejaVu Sans' (DejaVuSans-Bold.ttf) normal normal 700 normal>) = 10.335
[2026-06-18 09:25:45] [DEBUG] [matplotlib.font_manager] findfont: score(<Font 'DejaVu Serif' (DejaVuSerif-Italic.ttf) italic normal 400 normal>) = 11.05
[2026-06-18 09:25:45] [DEBUG] [matplotlib.font_manager] findfont: score(<Font 'STIXSizeFiveSym' (STIXSizFiveSymReg.ttf) normal normal 400 normal>) = 10.05
[2026-06-18 09:25:45] [DEBUG] [matplotlib.font_manager] findfont: score(<Font 'STIXSizeFourSym' (STIXSizFourSymBol.ttf) normal normal 700 normal>) = 10.335
[2026-06-18 09:25:45] [DEBUG] [matplotlib.font_manager] findfont: score(<Font 'DejaVu Sans' (DejaVuSans.ttf) normal normal 400 normal>) = 10.05
[2026-06-18 09:25:45] [DEBUG] [matplotlib.font_manager] findfont: score(<Font 'STIXSizeTwoSym' (STIXSizTwoSymReg.ttf) normal normal 400 normal>) = 10.05
[2026-06-18 09:25:45] [DEBUG] [matplotlib.font_manager] findfont: score(<Font 'STIXGeneral' (STIXGeneral.ttf) normal normal 400 normal>) = 10.05
[2026-06-18 09:25:45] [DEBUG] [matplotlib.font_manager] findfont: score(<Font 'Arial' (arialbi.ttf) italic normal 700 normal>) = 11.335
[2026-06-18 09:25:45] [DEBUG] [matplotlib.font_manager] findfont: score(<Font 'Microsoft Sans Serif' (micross.ttf) normal normal 400 normal>) = 10.05
[2026-06-18 09:25:45] [DEBUG] [matplotlib.font_manager] findfont: score(<Font 'HYYeYXSJ' (HTYYXSTJ.ttf) normal normal 400 normal>) = 10.05
[2026-06-18 09:25:45] [DEBUG] [matplotlib.font_manager] findfont: score(<Font 'Verdana' (verdanai.ttf) italic normal 400 normal>) = 11.05
[2026-06-18 09:25:45] [DEBUG] [matplotlib.font_manager] findfont: score(<Font 'DengXian' (Dengb.ttf) normal normal 700 normal>) = 10.335
[2026-06-18 09:25:45] [DEBUG] [matplotlib.font_manager] findfont: score(<Font 'Microsoft Himalaya' (himalaya.ttf) normal normal 400 normal>) = 10.05
[2026-06-18 09:25:45] [DEBUG] [matplotlib.font_manager] findfont: score(<Font 'Courier New' (courbi.ttf) italic normal 700 normal>) = 11.335
[2026-06-18 09:25:45] [DEBUG] [matplotlib.font_manager] findfont: score(<Font 'Sitka Small' (SitkaB.ttc) normal normal 700 normal>) = 10.335
[2026-06-18 09:25:45] [DEBUG] [matplotlib.font_manager] findfont: score(<Font 'Sitka Small' (SitkaZ.ttc) italic normal 700 normal>) = 11.335
[2026-06-18 09:25:45] [DEBUG] [matplotlib.font_manager] findfont: score(<Font 'Georgia' (georgiaz.ttf) italic normal 700 normal>) = 11.335
[2026-06-18 09:25:45] [DEBUG] [matplotlib.font_manager] findfont: score(<Font 'Georgia' (georgiab.ttf) normal normal 700 normal>) = 10.335
[2026-06-18 09:25:45] [DEBUG] [matplotlib.font_manager] findfont: score(<Font 'Tahoma' (tahomabd.ttf) normal normal 700 normal>) = 10.335
[2026-06-18 09:25:45] [DEBUG] [matplotlib.font_manager] findfont: score(<Font 'Kingsoft UE' (KingsoftUE.ttf) normal normal 400 normal>) = 10.05
[2026-06-18 09:25:45] [DEBUG] [matplotlib.font_manager] findfont: score(<Font 'Corbel' (corbell.ttf) normal normal 300 normal>) = 10.145
[2026-06-18 09:25:45] [DEBUG] [matplotlib.font_manager] findfont: score(<Font 'Century' (CENTURY.TTF) normal normal 400 normal>) = 10.05
[2026-06-18 09:25:45] [DEBUG] [matplotlib.font_manager] findfont: score(<Font 'Trebuchet MS' (trebuc.ttf) normal normal 400 normal>) = 10.05
[2026-06-18 09:25:45] [DEBUG] [matplotlib.font_manager] findfont: score(<Font 'Constantia' (constani.ttf) italic normal 400 normal>) = 11.05
[2026-06-18 09:25:45] [DEBUG] [matplotlib.font_manager] findfont: score(<Font 'SimSun-ExtB' (simsunb.ttf) normal normal 400 normal>) = 10.05
[2026-06-18 09:25:45] [DEBUG] [matplotlib.font_manager] findfont: score(<Font 'Candara' (Candaraz.ttf) italic normal 700 normal>) = 11.335
[2026-06-18 09:25:45] [DEBUG] [matplotlib.font_manager] findfont: score(<Font 'Consolas' (consola.ttf) normal normal 400 normal>) = 10.05
[2026-06-18 09:25:45] [DEBUG] [matplotlib.font_manager] findfont: score(<Font 'Segoe UI' (segoeuil.ttf) normal normal 300 normal>) = 10.145
[2026-06-18 09:25:45] [DEBUG] [matplotlib.font_manager] findfont: score(<Font 'Trebuchet MS' (trebucit.ttf) italic normal 400 normal>) = 11.05
[2026-06-18 09:25:45] [DEBUG] [matplotlib.font_manager] findfont: score(<Font 'Calibri' (calibrii.ttf) italic normal 400 normal>) = 11.05
[2026-06-18 09:25:45] [DEBUG] [matplotlib.font_manager] findfont: score(<Font 'STZhongsong' (STZHONGS.TTF) normal normal 400 normal>) = 10.05
[2026-06-18 09:25:45] [DEBUG] [matplotlib.font_manager] findfont: score(<Font 'Segoe UI' (seguisbi.ttf) italic normal 600 normal>) = 11.24
[2026-06-18 09:25:45] [DEBUG] [matplotlib.font_manager] findfont: score(<Font 'Leelawadee UI' (LeelaUIb.ttf) normal normal 700 normal>) = 10.335
[2026-06-18 09:25:45] [DEBUG] [matplotlib.font_manager] findfont: score(<Font 'Microsoft YaHei' (msyhl.ttc) normal normal 290 normal>) = 10.1545
[2026-06-18 09:25:45] [DEBUG] [matplotlib.font_manager] findfont: score(<Font 'Segoe UI' (segoeuib.ttf) normal normal 700 normal>) = 10.335
[2026-06-18 09:25:45] [DEBUG] [matplotlib.font_manager] findfont: score(<Font 'Arial' (arial.ttf) normal normal 400 normal>) = 10.05
[2026-06-18 09:25:45] [DEBUG] [matplotlib.font_manager] findfont: score(<Font 'STXinwei' (STXINWEI.TTF) normal normal 400 normal>) = 10.05
[2026-06-18 09:25:45] [DEBUG] [matplotlib.font_manager] findfont: score(<Font 'KaiTi' (simkai.ttf) normal normal 400 normal>) = 10.05
[2026-06-18 09:25:45] [DEBUG] [matplotlib.font_manager] findfont: score(<Font 'Material Design Icons 5.9.55' (materialdesignicons5-webfont-5.9.55.ttf) normal normal 400 normal>) = 10.05
[2026-06-18 09:25:45] [DEBUG] [matplotlib.font_manager] findfont: score(<Font 'Yu Gothic' (YuGothB.ttc) normal normal 700 normal>) = 10.335
[2026-06-18 09:25:45] [DEBUG] [matplotlib.font_manager] findfont: score(<Font 'Segoe Print' (segoepr.ttf) normal normal 400 normal>) = 10.05
[2026-06-18 09:25:45] [DEBUG] [matplotlib.font_manager] findfont: score(<Font 'FangSong' (simfang.ttf) normal normal 400 normal>) = 10.05
[2026-06-18 09:25:45] [DEBUG] [matplotlib.font_manager] findfont: score(<Font 'Symbol' (symbol.ttf) normal normal 400 normal>) = 10.05
[2026-06-18 09:25:45] [DEBUG] [matplotlib.font_manager] findfont: score(<Font 'Microsoft Uighur' (MSUIGHUB.TTF) normal normal 700 normal>) = 10.335
[2026-06-18 09:25:45] [DEBUG] [matplotlib.font_manager] findfont: score(<Font 'Microsoft PhagsPa' (phagspab.ttf) normal normal 700 normal>) = 10.335
[2026-06-18 09:25:45] [DEBUG] [matplotlib.font_manager] findfont: score(<Font 'Corbel' (corbelz.ttf) italic normal 700 normal>) = 11.335
[2026-06-18 09:25:45] [DEBUG] [matplotlib.font_manager] findfont: score(<Font 'Candara' (Candarab.ttf) normal normal 700 normal>) = 10.335
[2026-06-18 09:25:45] [DEBUG] [matplotlib.font_manager] findfont: score(<Font 'Segoe Script' (segoescb.ttf) normal normal 700 normal>) = 10.335
[2026-06-18 09:25:45] [DEBUG] [matplotlib.font_manager] findfont: score(<Font 'Segoe UI Historic' (seguihis.ttf) normal normal 400 normal>) = 10.05
[2026-06-18 09:25:45] [DEBUG] [matplotlib.font_manager] findfont: score(<Font 'Verdana' (verdana.ttf) normal normal 400 normal>) = 10.05
[2026-06-18 09:25:45] [DEBUG] [matplotlib.font_manager] findfont: score(<Font 'Corbel' (corbelb.ttf) normal normal 700 normal>) = 10.335
[2026-06-18 09:25:45] [DEBUG] [matplotlib.font_manager] findfont: score(<Font 'Calibri' (calibrib.ttf) normal normal 700 normal>) = 10.335
[2026-06-18 09:25:45] [DEBUG] [matplotlib.font_manager] findfont: score(<Font 'Javanese Text' (javatext.ttf) normal normal 400 normal>) = 10.05
[2026-06-18 09:25:45] [DEBUG] [matplotlib.font_manager] findfont: score(<Font 'DejaVu Math TeX Gyre' (DejaVuMathTeXGyre.ttf) normal normal 400 normal>) = 10.05
[2026-06-18 09:25:45] [DEBUG] [matplotlib.font_manager] findfont: score(<Font 'Cambria' (cambriai.ttf) italic normal 400 normal>) = 11.05
[2026-06-18 09:25:45] [DEBUG] [matplotlib.font_manager] findfont: score(<Font 'STSong' (STSONG.TTF) normal normal 400 normal>) = 10.05
[2026-06-18 09:25:45] [DEBUG] [matplotlib.font_manager] findfont: score(<Font 'Comic Sans MS' (comic.ttf) normal normal 400 normal>) = 10.05
[2026-06-18 09:25:45] [DEBUG] [matplotlib.font_manager] findfont: score(<Font 'Palatino Linotype' (palab.ttf) normal normal 700 normal>) = 10.335
[2026-06-18 09:25:45] [DEBUG] [matplotlib.font_manager] findfont: score(<Font 'Segoe MDL2 Assets' (segmdl2.ttf) normal normal 400 normal>) = 10.05
[2026-06-18 09:25:45] [DEBUG] [matplotlib.font_manager] findfont: score(<Font 'Microsoft YaHei' (msyh.ttc) normal normal 400 normal>) = 10.05
[2026-06-18 09:25:45] [DEBUG] [matplotlib.font_manager] findfont: score(<Font 'Times New Roman' (timesbi.ttf) italic normal 700 normal>) = 11.335
[2026-06-18 09:25:45] [DEBUG] [matplotlib.font_manager] findfont: score(<Font 'Consolas' (consolab.ttf) normal normal 700 normal>) = 10.335
[2026-06-18 09:25:45] [DEBUG] [matplotlib.font_manager] findfont: score(<Font 'STLiti' (STLITI.TTF) normal normal 400 normal>) = 10.05
[2026-06-18 09:25:45] [DEBUG] [matplotlib.font_manager] findfont: score(<Font 'Segoe Print' (segoeprb.ttf) normal normal 700 normal>) = 10.335
[2026-06-18 09:25:45] [DEBUG] [matplotlib.font_manager] findfont: score(<Font 'Consolas' (consolaz.ttf) italic normal 700 normal>) = 11.335
[2026-06-18 09:25:45] [DEBUG] [matplotlib.font_manager] findfont: score(<Font 'Georgia' (georgia.ttf) normal normal 400 normal>) = 10.05
[2026-06-18 09:25:45] [DEBUG] [matplotlib.font_manager] findfont: score(<Font '?????' (人教版拼音.ttf) normal normal 400 normal>) = 10.05
[2026-06-18 09:25:45] [DEBUG] [matplotlib.font_manager] findfont: score(<Font 'DengXian' (Dengl.ttf) normal normal 300 normal>) = 10.145
[2026-06-18 09:25:45] [DEBUG] [matplotlib.font_manager] findfont: score(<Font 'MV Boli' (mvboli.ttf) normal normal 400 normal>) = 10.05
[2026-06-18 09:25:45] [DEBUG] [matplotlib.font_manager] findfont: score(<Font 'Nirmala UI' (Nirmala.ttf) normal normal 400 normal>) = 10.05
[2026-06-18 09:25:45] [DEBUG] [matplotlib.font_manager] findfont: score(<Font 'Comic Sans MS' (comicbd.ttf) normal normal 700 normal>) = 10.335
[2026-06-18 09:25:45] [DEBUG] [matplotlib.font_manager] findfont: score(<Font 'Gadugi' (gadugi.ttf) normal normal 400 normal>) = 10.05
[2026-06-18 09:25:45] [DEBUG] [matplotlib.font_manager] findfont: score(<Font 'Wingdings 2' (WINGDNG2.TTF) normal normal 400 normal>) = 10.05
[2026-06-18 09:25:45] [DEBUG] [matplotlib.font_manager] findfont: score(<Font 'Georgia' (georgiai.ttf) italic normal 400 normal>) = 11.05
[2026-06-18 09:25:45] [DEBUG] [matplotlib.font_manager] findfont: score(<Font 'Sitka Small' (SitkaI.ttc) italic normal 400 normal>) = 11.05
[2026-06-18 09:25:45] [DEBUG] [matplotlib.font_manager] findfont: score(<Font 'Malgun Gothic' (malgun.ttf) normal normal 400 normal>) = 10.05
[2026-06-18 09:25:45] [DEBUG] [matplotlib.font_manager] findfont: score(<Font 'Yu Gothic' (YuGothR.ttc) normal normal 400 normal>) = 10.05
[2026-06-18 09:25:45] [DEBUG] [matplotlib.font_manager] findfont: score(<Font 'HoloLens MDL2 Assets' (holomdl2.ttf) normal normal 400 normal>) = 10.05
[2026-06-18 09:25:45] [DEBUG] [matplotlib.font_manager] findfont: score(<Font 'Phosphor' (phosphor-1.3.0.ttf) normal normal 400 normal>) = 10.05
[2026-06-18 09:25:45] [DEBUG] [matplotlib.font_manager] findfont: score(<Font 'Segoe UI' (segoeui.ttf) normal normal 400 normal>) = 10.05
[2026-06-18 09:25:45] [DEBUG] [matplotlib.font_manager] findfont: score(<Font 'codicon' (codicon-0.0.35.ttf) normal normal 400 normal>) = 10.05
[2026-06-18 09:25:45] [DEBUG] [matplotlib.font_manager] findfont: score(<Font 'STXihei' (STXIHEI.TTF) normal normal 400 normal>) = 10.05
[2026-06-18 09:25:45] [DEBUG] [matplotlib.font_manager] findfont: score(<Font 'Segoe UI' (seguisli.ttf) italic normal 350 normal>) = 11.0975
[2026-06-18 09:25:45] [DEBUG] [matplotlib.font_manager] findfont: score(<Font 'Franklin Gothic Medium' (framdit.ttf) italic normal 400 normal>) = 11.05
[2026-06-18 09:25:45] [DEBUG] [matplotlib.font_manager] findfont: score(<Font 'Microsoft PhagsPa' (phagspa.ttf) normal normal 400 normal>) = 10.05
[2026-06-18 09:25:45] [DEBUG] [matplotlib.font_manager] findfont: score(<Font 'Corbel' (corbelli.ttf) italic normal 300 normal>) = 11.145
[2026-06-18 09:25:45] [DEBUG] [matplotlib.font_manager] findfont: score(<Font 'Gabriola' (Gabriola.ttf) normal normal 400 normal>) = 10.05
[2026-06-18 09:25:45] [DEBUG] [matplotlib.font_manager] findfont: score(<Font 'Microsoft New Tai Lue' (ntailub.ttf) normal normal 700 normal>) = 10.335
[2026-06-18 09:25:45] [DEBUG] [matplotlib.font_manager] findfont: score(<Font 'SimHei' (simhei.ttf) normal normal 400 normal>) = 0.05
[2026-06-18 09:25:45] [DEBUG] [matplotlib.font_manager] findfont: score(<Font 'Microsoft JhengHei' (msjhl.ttc) normal normal 290 normal>) = 10.1545
[2026-06-18 09:25:45] [DEBUG] [matplotlib.font_manager] findfont: score(<Font 'Microsoft Uighur' (MSUIGHUR.TTF) normal normal 400 normal>) = 10.05
[2026-06-18 09:25:45] [DEBUG] [matplotlib.font_manager] findfont: score(<Font 'Microsoft Tai Le' (taileb.ttf) normal normal 700 normal>) = 10.335
[2026-06-18 09:25:45] [DEBUG] [matplotlib.font_manager] findfont: score(<Font 'Calibri' (calibri.ttf) normal normal 400 normal>) = 10.05
[2026-06-18 09:25:45] [DEBUG] [matplotlib.font_manager] findfont: score(<Font 'Candara' (Candaral.ttf) normal normal 400 normal>) = 10.05
[2026-06-18 09:25:45] [DEBUG] [matplotlib.font_manager] findfont: score(<Font 'FZYaoTi' (FZYTK.TTF) normal normal 400 normal>) = 10.05
[2026-06-18 09:25:45] [DEBUG] [matplotlib.font_manager] findfont: score(<Font 'Microsoft New Tai Lue' (ntailu.ttf) normal normal 400 normal>) = 10.05
[2026-06-18 09:25:45] [DEBUG] [matplotlib.font_manager] findfont: score(<Font 'Myanmar Text' (mmrtextb.ttf) normal normal 700 normal>) = 10.335
[2026-06-18 09:25:45] [DEBUG] [matplotlib.font_manager] findfont: score(<Font 'Leelawadee' (LEELAWDB.TTF) normal normal 700 normal>) = 10.335
[2026-06-18 09:25:45] [DEBUG] [matplotlib.font_manager] findfont: score(<Font 'Franklin Gothic Medium' (framd.ttf) normal normal 400 normal>) = 10.05
[2026-06-18 09:25:45] [DEBUG] [matplotlib.font_manager] findfont: score(<Font 'FZFangSong-Z02' (FZFS_GBK.ttf) normal normal 400 normal>) = 10.05
[2026-06-18 09:25:45] [DEBUG] [matplotlib.font_manager] findfont: score(<Font 'Ink Free' (Inkfree.ttf) normal normal 400 normal>) = 10.05
[2026-06-18 09:25:45] [DEBUG] [matplotlib.font_manager] findfont: score(<Font 'FZShuTi' (FZSTK.TTF) normal normal 400 normal>) = 10.05
[2026-06-18 09:25:45] [DEBUG] [matplotlib.font_manager] findfont: score(<Font 'Mongolian Baiti' (monbaiti.ttf) normal normal 400 normal>) = 10.05
[2026-06-18 09:25:45] [DEBUG] [matplotlib.font_manager] findfont: score(<Font 'Leelawadee UI' (LeelawUI.ttf) normal normal 400 normal>) = 10.05
[2026-06-18 09:25:45] [DEBUG] [matplotlib.font_manager] findfont: score(<Font 'Comic Sans MS' (comici.ttf) italic normal 400 normal>) = 11.05
[2026-06-18 09:25:45] [DEBUG] [matplotlib.font_manager] findfont: score(<Font 'Constantia' (constanb.ttf) normal normal 700 normal>) = 10.335
[2026-06-18 09:25:45] [DEBUG] [matplotlib.font_manager] findfont: score(<Font 'MS Gothic' (msgothic.ttc) normal normal 400 normal>) = 10.05
[2026-06-18 09:25:45] [DEBUG] [matplotlib.font_manager] findfont: score(<Font 'YouYuan' (SIMYOU.TTF) normal normal 400 normal>) = 10.05
[2026-06-18 09:25:45] [DEBUG] [matplotlib.font_manager] findfont: score(<Font 'Calibri' (calibrili.ttf) italic normal 300 normal>) = 11.145
[2026-06-18 09:25:45] [DEBUG] [matplotlib.font_manager] findfont: score(<Font 'HYZhongYuanB5' (HYZYB5.ttf) normal normal 400 normal>) = 10.05
[2026-06-18 09:25:45] [DEBUG] [matplotlib.font_manager] findfont: score(<Font 'Yu Gothic' (YuGothL.ttc) normal normal 300 normal>) = 10.145
[2026-06-18 09:25:45] [DEBUG] [matplotlib.font_manager] findfont: score(<Font 'STFangsong' (STFANGSO.TTF) normal normal 400 normal>) = 10.05
[2026-06-18 09:25:45] [DEBUG] [matplotlib.font_manager] findfont: score(<Font 'Ebrima' (ebrimabd.ttf) normal normal 700 normal>) = 10.335
[2026-06-18 09:25:45] [DEBUG] [matplotlib.font_manager] findfont: score(<Font 'FontAwesome' (fontawesome4-webfont-4.7.ttf) normal normal 400 normal>) = 10.05
[2026-06-18 09:25:45] [DEBUG] [matplotlib.font_manager] findfont: score(<Font 'Bahnschrift' (bahnschrift.ttf) normal normal 400 normal>) = 10.05
[2026-06-18 09:25:45] [DEBUG] [matplotlib.font_manager] findfont: score(<Font 'Myanmar Text' (mmrtext.ttf) normal normal 400 normal>) = 10.05
[2026-06-18 09:25:45] [DEBUG] [matplotlib.font_manager] findfont: score(<Font 'Material Design Icons' (materialdesignicons6-webfont-6.9.96.ttf) normal normal 400 normal>) = 10.05
[2026-06-18 09:25:45] [DEBUG] [matplotlib.font_manager] findfont: score(<Font 'STHupo' (STHUPO.TTF) normal normal 400 normal>) = 10.05
[2026-06-18 09:25:45] [DEBUG] [matplotlib.font_manager] findfont: score(<Font 'Microsoft Tai Le' (taile.ttf) normal normal 400 normal>) = 10.05
[2026-06-18 09:25:45] [DEBUG] [matplotlib.font_manager] findfont: score(<Font 'Constantia' (constan.ttf) normal normal 400 normal>) = 10.05
[2026-06-18 09:25:45] [DEBUG] [matplotlib.font_manager] findfont: score(<Font 'Cambria' (cambriaz.ttf) italic normal 700 normal>) = 11.335
[2026-06-18 09:25:45] [DEBUG] [matplotlib.font_manager] findfont: score(<Font 'Leelawadee' (LEELAWAD.TTF) normal normal 400 normal>) = 10.05
[2026-06-18 09:25:45] [DEBUG] [matplotlib.font_manager] findfont: score(<Font 'Trebuchet MS' (trebucbi.ttf) italic normal 700 normal>) = 11.335
[2026-06-18 09:25:45] [DEBUG] [matplotlib.font_manager] findfont: score(<Font 'Nirmala UI' (NirmalaB.ttf) normal normal 700 normal>) = 10.335
[2026-06-18 09:25:45] [DEBUG] [matplotlib.font_manager] findfont: score(<Font 'Nirmala UI' (NirmalaS.ttf) normal normal 350 normal>) = 10.0975
[2026-06-18 09:25:45] [DEBUG] [matplotlib.font_manager] findfont: score(<Font 'Courier New' (cour.ttf) normal normal 400 normal>) = 10.05
[2026-06-18 09:25:45] [DEBUG] [matplotlib.font_manager] findfont: score(<Font 'Impact' (impact.ttf) normal normal 400 normal>) = 10.05
[2026-06-18 09:25:45] [DEBUG] [matplotlib.font_manager] findfont: score(<Font 'Verdana' (verdanaz.ttf) italic normal 700 normal>) = 11.335
[2026-06-18 09:25:45] [DEBUG] [matplotlib.font_manager] findfont: score(<Font 'Times New Roman' (timesbd.ttf) normal normal 700 normal>) = 10.335
[2026-06-18 09:25:45] [DEBUG] [matplotlib.font_manager] findfont: score(<Font 'Verdana' (verdanab.ttf) normal normal 700 normal>) = 10.335
[2026-06-18 09:25:45] [DEBUG] [matplotlib.font_manager] findfont: score(<Font 'Segoe UI' (seguisb.ttf) normal normal 600 normal>) = 10.24
[2026-06-18 09:25:45] [DEBUG] [matplotlib.font_manager] findfont: score(<Font 'Calibri' (calibril.ttf) normal normal 300 normal>) = 10.145
[2026-06-18 09:25:45] [DEBUG] [matplotlib.font_manager] findfont: score(<Font 'Palatino Linotype' (pala.ttf) normal normal 400 normal>) = 10.05
[2026-06-18 09:25:45] [DEBUG] [matplotlib.font_manager] findfont: score(<Font 'STCaiyun' (STCAIYUN.TTF) normal normal 400 normal>) = 10.05
[2026-06-18 09:25:45] [DEBUG] [matplotlib.font_manager] findfont: score(<Font 'GWZT-EN' (GWZT-EN.ttf) normal normal 400 normal>) = 10.05
[2026-06-18 09:25:45] [DEBUG] [matplotlib.font_manager] findfont: score(<Font 'Arial Unicode MS' (ARIALUNI.TTF) normal normal 400 normal>) = 10.05
[2026-06-18 09:25:45] [DEBUG] [matplotlib.font_manager] findfont: score(<Font 'Cambria' (cambria.ttc) normal normal 400 normal>) = 10.05
[2026-06-18 09:25:45] [DEBUG] [matplotlib.font_manager] findfont: score(<Font 'Segoe UI' (seguibli.ttf) italic normal 900 normal>) = 11.525
[2026-06-18 09:25:45] [DEBUG] [matplotlib.font_manager] findfont: score(<Font 'Yu Gothic' (YuGothM.ttc) normal normal 500 normal>) = 10.145
[2026-06-18 09:25:45] [DEBUG] [matplotlib.font_manager] findfont: score(<Font 'STKaiti' (STKAITI.TTF) normal normal 400 normal>) = 10.05
[2026-06-18 09:25:45] [DEBUG] [matplotlib.font_manager] findfont: score(<Font 'Wingdings 3' (WINGDNG3.TTF) normal normal 400 normal>) = 10.05
[2026-06-18 09:25:45] [DEBUG] [matplotlib.font_manager] findfont: score(<Font 'remixicon' (remixicon-2.5.0.ttf) normal normal 400 normal>) = 10.05
[2026-06-18 09:25:45] [DEBUG] [matplotlib.font_manager] findfont: score(<Font 'Corbel' (corbel.ttf) normal normal 400 normal>) = 10.05
[2026-06-18 09:25:45] [DEBUG] [matplotlib.font_manager] findfont: score(<Font 'Font Awesome 5 Free Regular' (fontawesome5-regular-webfont-5.15.4.ttf) normal normal 400 normal>) = 10.05
[2026-06-18 09:25:45] [DEBUG] [matplotlib.font_manager] findfont: score(<Font 'Courier New' (couri.ttf) italic normal 400 normal>) = 11.05
[2026-06-18 09:25:45] [DEBUG] [matplotlib.font_manager] findfont: score(<Font 'Cascadia Code' (CascadiaCode.ttf) normal normal 400 normal>) = 10.05
[2026-06-18 09:25:45] [DEBUG] [matplotlib.font_manager] findfont: score(<Font 'Segoe UI' (segoeuisl.ttf) normal normal 350 normal>) = 10.0975
[2026-06-18 09:25:45] [DEBUG] [matplotlib.font_manager] findfont: score(<Font 'Lucida Console' (lucon.ttf) normal normal 400 normal>) = 10.05
[2026-06-18 09:25:45] [DEBUG] [matplotlib.font_manager] findfont: score(<Font 'Cascadia Mono' (CascadiaMono.ttf) normal normal 400 normal>) = 10.05
[2026-06-18 09:25:45] [DEBUG] [matplotlib.font_manager] findfont: score(<Font 'Arial' (arialbd.ttf) normal normal 700 normal>) = 10.335
[2026-06-18 09:25:45] [DEBUG] [matplotlib.font_manager] findfont: score(<Font 'Segoe UI Symbol' (seguisym.ttf) normal normal 400 normal>) = 10.05
[2026-06-18 09:25:45] [DEBUG] [matplotlib.font_manager] findfont: score(<Font 'Sylfaen' (sylfaen.ttf) normal normal 400 normal>) = 10.05
[2026-06-18 09:25:45] [DEBUG] [matplotlib.font_manager] findfont: score(<Font 'Candara' (Candarai.ttf) italic normal 400 normal>) = 11.05
[2026-06-18 09:25:45] [DEBUG] [matplotlib.font_manager] findfont: score(<Font 'Arial' (ariblk.ttf) normal normal 900 normal>) = 10.525
[2026-06-18 09:25:45] [DEBUG] [matplotlib.font_manager] findfont: score(<Font 'elusiveicons' (elusiveicons-webfont-2.0.ttf) normal normal 500 normal>) = 10.145
[2026-06-18 09:25:45] [DEBUG] [matplotlib.font_manager] findfont: score(<Font '????' (语文格子.ttf) normal normal 400 normal>) = 10.05
[2026-06-18 09:25:45] [DEBUG] [matplotlib.font_manager] findfont: score(<Font 'Gadugi' (gadugib.ttf) normal normal 700 normal>) = 10.335
[2026-06-18 09:25:45] [DEBUG] [matplotlib.font_manager] findfont: score(<Font 'Times New Roman' (timesi.ttf) italic normal 400 normal>) = 11.05
[2026-06-18 09:25:45] [DEBUG] [matplotlib.font_manager] findfont: score(<Font 'Leelawadee UI' (LeelUIsl.ttf) normal normal 350 normal>) = 10.0975
[2026-06-18 09:25:45] [DEBUG] [matplotlib.font_manager] findfont: score(<Font 'Segoe UI' (segoeuiz.ttf) italic normal 700 normal>) = 11.335
[2026-06-18 09:25:45] [DEBUG] [matplotlib.font_manager] findfont: score(<Font 'Segoe UI' (seguibl.ttf) normal normal 900 normal>) = 10.525
[2026-06-18 09:25:45] [DEBUG] [matplotlib.font_manager] findfont: score(<Font 'Palatino Linotype' (palai.ttf) italic normal 400 normal>) = 11.05
[2026-06-18 09:25:45] [DEBUG] [matplotlib.font_manager] findfont: score(<Font 'Palatino Linotype' (palabi.ttf) italic normal 700 normal>) = 11.335
[2026-06-18 09:25:45] [DEBUG] [matplotlib.font_manager] findfont: score(<Font 'Sitka Small' (Sitka.ttc) normal normal 400 normal>) = 10.05
[2026-06-18 09:25:45] [DEBUG] [matplotlib.font_manager] findfont: score(<Font 'Webdings' (webdings.ttf) normal normal 400 normal>) = 10.05
[2026-06-18 09:25:45] [DEBUG] [matplotlib.font_manager] findfont: score(<Font 'SimSun-ExtG' (SimsunExtG.ttf) normal normal 400 normal>) = 10.05
[2026-06-18 09:25:45] [DEBUG] [matplotlib.font_manager] findfont: score(<Font 'DengXian' (Deng.ttf) normal normal 400 normal>) = 10.05
[2026-06-18 09:25:45] [DEBUG] [matplotlib.font_manager] findfont: score(<Font 'Corbel' (corbeli.ttf) italic normal 400 normal>) = 11.05
[2026-06-18 09:25:45] [DEBUG] [matplotlib.font_manager] findfont: score(<Font 'Consolas' (consolai.ttf) italic normal 400 normal>) = 11.05
[2026-06-18 09:25:45] [DEBUG] [matplotlib.font_manager] findfont: score(<Font 'Font Awesome 5 Free Solid' (fontawesome5-solid-webfont-5.15.4.ttf) normal normal 900 normal>) = 10.525
[2026-06-18 09:25:45] [DEBUG] [matplotlib.font_manager] findfont: score(<Font 'MingLiU-ExtB' (mingliub.ttc) normal normal 400 normal>) = 10.05
[2026-06-18 09:25:45] [DEBUG] [matplotlib.font_manager] findfont: score(<Font 'Times New Roman' (times.ttf) normal normal 400 normal>) = 10.05
[2026-06-18 09:25:45] [DEBUG] [matplotlib.font_manager] findfont: score(<Font 'Segoe Script' (segoesc.ttf) normal normal 400 normal>) = 10.05
[2026-06-18 09:25:45] [DEBUG] [matplotlib.font_manager] findfont: score(<Font 'Calibri' (calibriz.ttf) italic normal 700 normal>) = 11.335
[2026-06-18 09:25:45] [DEBUG] [matplotlib.font_manager] findfont: score(<Font 'Ebrima' (ebrima.ttf) normal normal 400 normal>) = 10.05
[2026-06-18 09:25:45] [DEBUG] [matplotlib.font_manager] findfont: score(<Font 'Comic Sans MS' (comicz.ttf) italic normal 700 normal>) = 11.335
[2026-06-18 09:25:45] [DEBUG] [matplotlib.font_manager] findfont: score(<Font 'Segoe UI Emoji' (seguiemj.ttf) normal normal 400 normal>) = 10.05
[2026-06-18 09:25:45] [DEBUG] [matplotlib.font_manager] findfont: score(<Font 'Trebuchet MS' (trebucbd.ttf) normal normal 700 normal>) = 10.335
[2026-06-18 09:25:45] [DEBUG] [matplotlib.font_manager] findfont: score(<Font 'STXingkai' (STXINGKA.TTF) normal normal 400 normal>) = 10.05
[2026-06-18 09:25:45] [DEBUG] [matplotlib.font_manager] findfont: score(<Font 'LiSu' (SIMLI.TTF) normal normal 400 normal>) = 10.05
[2026-06-18 09:25:45] [DEBUG] [matplotlib.font_manager] findfont: score(<Font 'Constantia' (constanz.ttf) italic normal 700 normal>) = 11.335
[2026-06-18 09:25:45] [DEBUG] [matplotlib.font_manager] findfont: score(<Font 'Microsoft JhengHei' (msjh.ttc) normal normal 400 normal>) = 10.05
[2026-06-18 09:25:45] [DEBUG] [matplotlib.font_manager] findfont: score(<Font 'Arial' (ariali.ttf) italic normal 400 normal>) = 11.05
[2026-06-18 09:25:45] [DEBUG] [matplotlib.font_manager] findfont: score(<Font 'Courier New' (courbd.ttf) normal normal 700 normal>) = 10.335
[2026-06-18 09:25:45] [DEBUG] [matplotlib.font_manager] findfont: score(<Font 'Malgun Gothic' (malgunsl.ttf) normal normal 300 normal>) = 10.145
[2026-06-18 09:25:45] [DEBUG] [matplotlib.font_manager] findfont: score(<Font 'Wingdings' (wingding.ttf) normal normal 400 normal>) = 10.05
[2026-06-18 09:25:45] [DEBUG] [matplotlib.font_manager] findfont: score(<Font 'Segoe UI' (seguili.ttf) italic normal 300 normal>) = 11.145
[2026-06-18 09:25:45] [DEBUG] [matplotlib.font_manager] findfont: score(<Font 'Tahoma' (tahoma.ttf) normal normal 400 normal>) = 10.05
[2026-06-18 09:25:45] [DEBUG] [matplotlib.font_manager] findfont: score(<Font 'Font Awesome 5 Brands' (fontawesome5-brands-webfont-5.15.4.ttf) normal normal 400 normal>) = 10.05
[2026-06-18 09:25:45] [DEBUG] [matplotlib.font_manager] findfont: score(<Font 'MT Extra' (mtextra.ttf) normal normal 400 normal>) = 10.05
[2026-06-18 09:25:45] [DEBUG] [matplotlib.font_manager] findfont: score(<Font 'Cambria' (cambriab.ttf) normal normal 700 normal>) = 10.335
[2026-06-18 09:25:45] [DEBUG] [matplotlib.font_manager] findfont: score(<Font 'Microsoft JhengHei' (msjhbd.ttc) normal normal 700 normal>) = 10.335
[2026-06-18 09:25:45] [DEBUG] [matplotlib.font_manager] findfont: score(<Font 'Malgun Gothic' (malgunbd.ttf) normal normal 700 normal>) = 10.335
[2026-06-18 09:25:45] [DEBUG] [matplotlib.font_manager] findfont: score(<Font 'Lucida Sans Unicode' (l_10646.ttf) normal normal 400 normal>) = 10.05
[2026-06-18 09:25:45] [DEBUG] [matplotlib.font_manager] findfont: score(<Font 'Microsoft YaHei' (msyhbd.ttc) normal normal 700 normal>) = 10.335
[2026-06-18 09:25:45] [DEBUG] [matplotlib.font_manager] findfont: score(<Font 'Microsoft Yi Baiti' (msyi.ttf) normal normal 400 normal>) = 10.05
[2026-06-18 09:25:45] [DEBUG] [matplotlib.font_manager] findfont: score(<Font 'Segoe UI' (segoeuii.ttf) italic normal 400 normal>) = 11.05
[2026-06-18 09:25:45] [DEBUG] [matplotlib.font_manager] findfont: score(<Font 'SimSun' (simsun.ttc) normal normal 400 normal>) = 10.05
[2026-06-18 09:25:45] [DEBUG] [matplotlib.font_manager] findfont: score(<Font '????' (不坑盒子.ttf) normal normal 400 normal>) = 10.05
[2026-06-18 09:25:45] [DEBUG] [matplotlib.font_manager] findfont: score(<Font 'Candara' (Candara.ttf) normal normal 400 normal>) = 10.05
[2026-06-18 09:25:45] [DEBUG] [matplotlib.font_manager] findfont: score(<Font 'Candara' (Candarali.ttf) italic normal 400 normal>) = 11.05
[2026-06-18 09:25:45] [DEBUG] [matplotlib.font_manager] findfont: Matching sans\-serif:style=normal:variant=normal:weight=normal:stretch=normal:size=8.0 to SimHei ('C:\\Windows\\Fonts\\simhei.ttf') with score of 0.050000.
[2026-06-18 09:25:45] [DEBUG] [matplotlib.font_manager] findfont: Matching sans\-serif:style=normal:variant=normal:weight=normal:stretch=normal:size=10.0.
[2026-06-18 09:25:45] [DEBUG] [matplotlib.font_manager] findfont: score(<Font 'cmmi10' (cmmi10.ttf) normal normal 400 normal>) = 10.05
[2026-06-18 09:25:45] [DEBUG] [matplotlib.font_manager] findfont: score(<Font 'STIXSizeOneSym' (STIXSizOneSymBol.ttf) normal normal 700 normal>) = 10.335
[2026-06-18 09:25:45] [DEBUG] [matplotlib.font_manager] findfont: score(<Font 'STIXSizeOneSym' (STIXSizOneSymReg.ttf) normal normal 400 normal>) = 10.05
[2026-06-18 09:25:45] [DEBUG] [matplotlib.font_manager] findfont: score(<Font 'cmr10' (cmr10.ttf) normal normal 400 normal>) = 10.05
[2026-06-18 09:25:45] [DEBUG] [matplotlib.font_manager] findfont: score(<Font 'STIXGeneral' (STIXGeneralItalic.ttf) italic normal 400 normal>) = 11.05
[2026-06-18 09:25:45] [DEBUG] [matplotlib.font_manager] findfont: score(<Font 'STIXGeneral' (STIXGeneralBolIta.ttf) italic normal 700 normal>) = 11.335
[2026-06-18 09:25:45] [DEBUG] [matplotlib.font_manager] findfont: score(<Font 'DejaVu Serif' (DejaVuSerif-Bold.ttf) normal normal 700 normal>) = 10.335
[2026-06-18 09:25:45] [DEBUG] [matplotlib.font_manager] findfont: score(<Font 'STIXNonUnicode' (STIXNonUniBolIta.ttf) italic normal 700 normal>) = 11.335
[2026-06-18 09:25:45] [DEBUG] [matplotlib.font_manager] findfont: score(<Font 'DejaVu Serif Display' (DejaVuSerifDisplay.ttf) normal normal 400 normal>) = 10.05
[2026-06-18 09:25:45] [DEBUG] [matplotlib.font_manager] findfont: score(<Font 'DejaVu Serif' (DejaVuSerif.ttf) normal normal 400 normal>) = 10.05
[2026-06-18 09:25:45] [DEBUG] [matplotlib.font_manager] findfont: score(<Font 'DejaVu Sans Mono' (DejaVuSansMono-BoldOblique.ttf) oblique normal 700 normal>) = 11.335
[2026-06-18 09:25:45] [DEBUG] [matplotlib.font_manager] findfont: score(<Font 'cmtt10' (cmtt10.ttf) normal normal 400 normal>) = 10.05
[2026-06-18 09:25:45] [DEBUG] [matplotlib.font_manager] findfont: score(<Font 'DejaVu Sans Mono' (DejaVuSansMono.ttf) normal normal 400 normal>) = 10.05
[2026-06-18 09:25:45] [DEBUG] [matplotlib.font_manager] findfont: score(<Font 'cmex10' (cmex10.ttf) normal normal 400 normal>) = 10.05
[2026-06-18 09:25:45] [DEBUG] [matplotlib.font_manager] findfont: score(<Font 'DejaVu Serif' (DejaVuSerif-BoldItalic.ttf) italic normal 700 normal>) = 11.335
[2026-06-18 09:25:45] [DEBUG] [matplotlib.font_manager] findfont: score(<Font 'cmb10' (cmb10.ttf) normal normal 400 normal>) = 10.05
[2026-06-18 09:25:45] [DEBUG] [matplotlib.font_manager] findfont: score(<Font 'DejaVu Sans' (DejaVuSans-Oblique.ttf) oblique normal 400 normal>) = 11.05
[2026-06-18 09:25:45] [DEBUG] [matplotlib.font_manager] findfont: score(<Font 'STIXNonUnicode' (STIXNonUni.ttf) normal normal 400 normal>) = 10.05
[2026-06-18 09:25:45] [DEBUG] [matplotlib.font_manager] findfont: score(<Font 'DejaVu Sans Mono' (DejaVuSansMono-Bold.ttf) normal normal 700 normal>) = 10.335
[2026-06-18 09:25:45] [DEBUG] [matplotlib.font_manager] findfont: score(<Font 'cmss10' (cmss10.ttf) normal normal 400 normal>) = 10.05
[2026-06-18 09:25:45] [DEBUG] [matplotlib.font_manager] findfont: score(<Font 'cmsy10' (cmsy10.ttf) normal normal 400 normal>) = 10.05
[2026-06-18 09:25:45] [DEBUG] [matplotlib.font_manager] findfont: score(<Font 'STIXSizeThreeSym' (STIXSizThreeSymBol.ttf) normal normal 700 normal>) = 10.335
[2026-06-18 09:25:45] [DEBUG] [matplotlib.font_manager] findfont: score(<Font 'DejaVu Sans Display' (DejaVuSansDisplay.ttf) normal normal 400 normal>) = 10.05
[2026-06-18 09:25:45] [DEBUG] [matplotlib.font_manager] findfont: score(<Font 'STIXSizeThreeSym' (STIXSizThreeSymReg.ttf) normal normal 400 normal>) = 10.05
[2026-06-18 09:25:45] [DEBUG] [matplotlib.font_manager] findfont: score(<Font 'DejaVu Sans Mono' (DejaVuSansMono-Oblique.ttf) oblique normal 400 normal>) = 11.05
[2026-06-18 09:25:45] [DEBUG] [matplotlib.font_manager] findfont: score(<Font 'STIXNonUnicode' (STIXNonUniIta.ttf) italic normal 400 normal>) = 11.05
[2026-06-18 09:25:45] [DEBUG] [matplotlib.font_manager] findfont: score(<Font 'STIXSizeFourSym' (STIXSizFourSymReg.ttf) normal normal 400 normal>) = 10.05
[2026-06-18 09:25:45] [DEBUG] [matplotlib.font_manager] findfont: score(<Font 'STIXSizeTwoSym' (STIXSizTwoSymBol.ttf) normal normal 700 normal>) = 10.335
[2026-06-18 09:25:45] [DEBUG] [matplotlib.font_manager] findfont: score(<Font 'STIXNonUnicode' (STIXNonUniBol.ttf) normal normal 700 normal>) = 10.335
[2026-06-18 09:25:45] [DEBUG] [matplotlib.font_manager] findfont: score(<Font 'DejaVu Sans' (DejaVuSans-BoldOblique.ttf) oblique normal 700 normal>) = 11.335
[2026-06-18 09:25:45] [DEBUG] [matplotlib.font_manager] findfont: score(<Font 'STIXGeneral' (STIXGeneralBol.ttf) normal normal 700 normal>) = 10.335
[2026-06-18 09:25:45] [DEBUG] [matplotlib.font_manager] findfont: score(<Font 'DejaVu Sans' (DejaVuSans-Bold.ttf) normal normal 700 normal>) = 10.335
[2026-06-18 09:25:45] [DEBUG] [matplotlib.font_manager] findfont: score(<Font 'DejaVu Serif' (DejaVuSerif-Italic.ttf) italic normal 400 normal>) = 11.05
[2026-06-18 09:25:45] [DEBUG] [matplotlib.font_manager] findfont: score(<Font 'STIXSizeFiveSym' (STIXSizFiveSymReg.ttf) normal normal 400 normal>) = 10.05
[2026-06-18 09:25:45] [DEBUG] [matplotlib.font_manager] findfont: score(<Font 'STIXSizeFourSym' (STIXSizFourSymBol.ttf) normal normal 700 normal>) = 10.335
[2026-06-18 09:25:45] [DEBUG] [matplotlib.font_manager] findfont: score(<Font 'DejaVu Sans' (DejaVuSans.ttf) normal normal 400 normal>) = 10.05
[2026-06-18 09:25:45] [DEBUG] [matplotlib.font_manager] findfont: score(<Font 'STIXSizeTwoSym' (STIXSizTwoSymReg.ttf) normal normal 400 normal>) = 10.05
[2026-06-18 09:25:45] [DEBUG] [matplotlib.font_manager] findfont: score(<Font 'STIXGeneral' (STIXGeneral.ttf) normal normal 400 normal>) = 10.05
[2026-06-18 09:25:45] [DEBUG] [matplotlib.font_manager] findfont: score(<Font 'Arial' (arialbi.ttf) italic normal 700 normal>) = 11.335
[2026-06-18 09:25:45] [DEBUG] [matplotlib.font_manager] findfont: score(<Font 'Microsoft Sans Serif' (micross.ttf) normal normal 400 normal>) = 10.05
[2026-06-18 09:25:45] [DEBUG] [matplotlib.font_manager] findfont: score(<Font 'HYYeYXSJ' (HTYYXSTJ.ttf) normal normal 400 normal>) = 10.05
[2026-06-18 09:25:45] [DEBUG] [matplotlib.font_manager] findfont: score(<Font 'Verdana' (verdanai.ttf) italic normal 400 normal>) = 11.05
[2026-06-18 09:25:45] [DEBUG] [matplotlib.font_manager] findfont: score(<Font 'DengXian' (Dengb.ttf) normal normal 700 normal>) = 10.335
[2026-06-18 09:25:45] [DEBUG] [matplotlib.font_manager] findfont: score(<Font 'Microsoft Himalaya' (himalaya.ttf) normal normal 400 normal>) = 10.05
[2026-06-18 09:25:45] [DEBUG] [matplotlib.font_manager] findfont: score(<Font 'Courier New' (courbi.ttf) italic normal 700 normal>) = 11.335
[2026-06-18 09:25:45] [DEBUG] [matplotlib.font_manager] findfont: score(<Font 'Sitka Small' (SitkaB.ttc) normal normal 700 normal>) = 10.335
[2026-06-18 09:25:45] [DEBUG] [matplotlib.font_manager] findfont: score(<Font 'Sitka Small' (SitkaZ.ttc) italic normal 700 normal>) = 11.335
[2026-06-18 09:25:45] [DEBUG] [matplotlib.font_manager] findfont: score(<Font 'Georgia' (georgiaz.ttf) italic normal 700 normal>) = 11.335
[2026-06-18 09:25:45] [DEBUG] [matplotlib.font_manager] findfont: score(<Font 'Georgia' (georgiab.ttf) normal normal 700 normal>) = 10.335
[2026-06-18 09:25:45] [DEBUG] [matplotlib.font_manager] findfont: score(<Font 'Tahoma' (tahomabd.ttf) normal normal 700 normal>) = 10.335
[2026-06-18 09:25:45] [DEBUG] [matplotlib.font_manager] findfont: score(<Font 'Kingsoft UE' (KingsoftUE.ttf) normal normal 400 normal>) = 10.05
[2026-06-18 09:25:45] [DEBUG] [matplotlib.font_manager] findfont: score(<Font 'Corbel' (corbell.ttf) normal normal 300 normal>) = 10.145
[2026-06-18 09:25:45] [DEBUG] [matplotlib.font_manager] findfont: score(<Font 'Century' (CENTURY.TTF) normal normal 400 normal>) = 10.05
[2026-06-18 09:25:45] [DEBUG] [matplotlib.font_manager] findfont: score(<Font 'Trebuchet MS' (trebuc.ttf) normal normal 400 normal>) = 10.05
[2026-06-18 09:25:45] [DEBUG] [matplotlib.font_manager] findfont: score(<Font 'Constantia' (constani.ttf) italic normal 400 normal>) = 11.05
[2026-06-18 09:25:45] [DEBUG] [matplotlib.font_manager] findfont: score(<Font 'SimSun-ExtB' (simsunb.ttf) normal normal 400 normal>) = 10.05
[2026-06-18 09:25:45] [DEBUG] [matplotlib.font_manager] findfont: score(<Font 'Candara' (Candaraz.ttf) italic normal 700 normal>) = 11.335
[2026-06-18 09:25:45] [DEBUG] [matplotlib.font_manager] findfont: score(<Font 'Consolas' (consola.ttf) normal normal 400 normal>) = 10.05
[2026-06-18 09:25:45] [DEBUG] [matplotlib.font_manager] findfont: score(<Font 'Segoe UI' (segoeuil.ttf) normal normal 300 normal>) = 10.145
[2026-06-18 09:25:45] [DEBUG] [matplotlib.font_manager] findfont: score(<Font 'Trebuchet MS' (trebucit.ttf) italic normal 400 normal>) = 11.05
[2026-06-18 09:25:45] [DEBUG] [matplotlib.font_manager] findfont: score(<Font 'Calibri' (calibrii.ttf) italic normal 400 normal>) = 11.05
[2026-06-18 09:25:45] [DEBUG] [matplotlib.font_manager] findfont: score(<Font 'STZhongsong' (STZHONGS.TTF) normal normal 400 normal>) = 10.05
[2026-06-18 09:25:45] [DEBUG] [matplotlib.font_manager] findfont: score(<Font 'Segoe UI' (seguisbi.ttf) italic normal 600 normal>) = 11.24
[2026-06-18 09:25:45] [DEBUG] [matplotlib.font_manager] findfont: score(<Font 'Leelawadee UI' (LeelaUIb.ttf) normal normal 700 normal>) = 10.335
[2026-06-18 09:25:45] [DEBUG] [matplotlib.font_manager] findfont: score(<Font 'Microsoft YaHei' (msyhl.ttc) normal normal 290 normal>) = 10.1545
[2026-06-18 09:25:45] [DEBUG] [matplotlib.font_manager] findfont: score(<Font 'Segoe UI' (segoeuib.ttf) normal normal 700 normal>) = 10.335
[2026-06-18 09:25:45] [DEBUG] [matplotlib.font_manager] findfont: score(<Font 'Arial' (arial.ttf) normal normal 400 normal>) = 10.05
[2026-06-18 09:25:45] [DEBUG] [matplotlib.font_manager] findfont: score(<Font 'STXinwei' (STXINWEI.TTF) normal normal 400 normal>) = 10.05
[2026-06-18 09:25:45] [DEBUG] [matplotlib.font_manager] findfont: score(<Font 'KaiTi' (simkai.ttf) normal normal 400 normal>) = 10.05
[2026-06-18 09:25:45] [DEBUG] [matplotlib.font_manager] findfont: score(<Font 'Material Design Icons 5.9.55' (materialdesignicons5-webfont-5.9.55.ttf) normal normal 400 normal>) = 10.05
[2026-06-18 09:25:45] [DEBUG] [matplotlib.font_manager] findfont: score(<Font 'Yu Gothic' (YuGothB.ttc) normal normal 700 normal>) = 10.335
[2026-06-18 09:25:45] [DEBUG] [matplotlib.font_manager] findfont: score(<Font 'Segoe Print' (segoepr.ttf) normal normal 400 normal>) = 10.05
[2026-06-18 09:25:45] [DEBUG] [matplotlib.font_manager] findfont: score(<Font 'FangSong' (simfang.ttf) normal normal 400 normal>) = 10.05
[2026-06-18 09:25:45] [DEBUG] [matplotlib.font_manager] findfont: score(<Font 'Symbol' (symbol.ttf) normal normal 400 normal>) = 10.05
[2026-06-18 09:25:45] [DEBUG] [matplotlib.font_manager] findfont: score(<Font 'Microsoft Uighur' (MSUIGHUB.TTF) normal normal 700 normal>) = 10.335
[2026-06-18 09:25:45] [DEBUG] [matplotlib.font_manager] findfont: score(<Font 'Microsoft PhagsPa' (phagspab.ttf) normal normal 700 normal>) = 10.335
[2026-06-18 09:25:45] [DEBUG] [matplotlib.font_manager] findfont: score(<Font 'Corbel' (corbelz.ttf) italic normal 700 normal>) = 11.335
[2026-06-18 09:25:45] [DEBUG] [matplotlib.font_manager] findfont: score(<Font 'Candara' (Candarab.ttf) normal normal 700 normal>) = 10.335
[2026-06-18 09:25:45] [DEBUG] [matplotlib.font_manager] findfont: score(<Font 'Segoe Script' (segoescb.ttf) normal normal 700 normal>) = 10.335
[2026-06-18 09:25:45] [DEBUG] [matplotlib.font_manager] findfont: score(<Font 'Segoe UI Historic' (seguihis.ttf) normal normal 400 normal>) = 10.05
[2026-06-18 09:25:45] [DEBUG] [matplotlib.font_manager] findfont: score(<Font 'Verdana' (verdana.ttf) normal normal 400 normal>) = 10.05
[2026-06-18 09:25:45] [DEBUG] [matplotlib.font_manager] findfont: score(<Font 'Corbel' (corbelb.ttf) normal normal 700 normal>) = 10.335
[2026-06-18 09:25:45] [DEBUG] [matplotlib.font_manager] findfont: score(<Font 'Calibri' (calibrib.ttf) normal normal 700 normal>) = 10.335
[2026-06-18 09:25:45] [DEBUG] [matplotlib.font_manager] findfont: score(<Font 'Javanese Text' (javatext.ttf) normal normal 400 normal>) = 10.05
[2026-06-18 09:25:45] [DEBUG] [matplotlib.font_manager] findfont: score(<Font 'DejaVu Math TeX Gyre' (DejaVuMathTeXGyre.ttf) normal normal 400 normal>) = 10.05
[2026-06-18 09:25:45] [DEBUG] [matplotlib.font_manager] findfont: score(<Font 'Cambria' (cambriai.ttf) italic normal 400 normal>) = 11.05
[2026-06-18 09:25:45] [DEBUG] [matplotlib.font_manager] findfont: score(<Font 'STSong' (STSONG.TTF) normal normal 400 normal>) = 10.05
[2026-06-18 09:25:45] [DEBUG] [matplotlib.font_manager] findfont: score(<Font 'Comic Sans MS' (comic.ttf) normal normal 400 normal>) = 10.05
[2026-06-18 09:25:45] [DEBUG] [matplotlib.font_manager] findfont: score(<Font 'Palatino Linotype' (palab.ttf) normal normal 700 normal>) = 10.335
[2026-06-18 09:25:45] [DEBUG] [matplotlib.font_manager] findfont: score(<Font 'Segoe MDL2 Assets' (segmdl2.ttf) normal normal 400 normal>) = 10.05
[2026-06-18 09:25:45] [DEBUG] [matplotlib.font_manager] findfont: score(<Font 'Microsoft YaHei' (msyh.ttc) normal normal 400 normal>) = 10.05
[2026-06-18 09:25:45] [DEBUG] [matplotlib.font_manager] findfont: score(<Font 'Times New Roman' (timesbi.ttf) italic normal 700 normal>) = 11.335
[2026-06-18 09:25:45] [DEBUG] [matplotlib.font_manager] findfont: score(<Font 'Consolas' (consolab.ttf) normal normal 700 normal>) = 10.335
[2026-06-18 09:25:45] [DEBUG] [matplotlib.font_manager] findfont: score(<Font 'STLiti' (STLITI.TTF) normal normal 400 normal>) = 10.05
[2026-06-18 09:25:45] [DEBUG] [matplotlib.font_manager] findfont: score(<Font 'Segoe Print' (segoeprb.ttf) normal normal 700 normal>) = 10.335
[2026-06-18 09:25:45] [DEBUG] [matplotlib.font_manager] findfont: score(<Font 'Consolas' (consolaz.ttf) italic normal 700 normal>) = 11.335
[2026-06-18 09:25:45] [DEBUG] [matplotlib.font_manager] findfont: score(<Font 'Georgia' (georgia.ttf) normal normal 400 normal>) = 10.05
[2026-06-18 09:25:45] [DEBUG] [matplotlib.font_manager] findfont: score(<Font '?????' (人教版拼音.ttf) normal normal 400 normal>) = 10.05
[2026-06-18 09:25:45] [DEBUG] [matplotlib.font_manager] findfont: score(<Font 'DengXian' (Dengl.ttf) normal normal 300 normal>) = 10.145
[2026-06-18 09:25:45] [DEBUG] [matplotlib.font_manager] findfont: score(<Font 'MV Boli' (mvboli.ttf) normal normal 400 normal>) = 10.05
[2026-06-18 09:25:45] [DEBUG] [matplotlib.font_manager] findfont: score(<Font 'Nirmala UI' (Nirmala.ttf) normal normal 400 normal>) = 10.05
[2026-06-18 09:25:45] [DEBUG] [matplotlib.font_manager] findfont: score(<Font 'Comic Sans MS' (comicbd.ttf) normal normal 700 normal>) = 10.335
[2026-06-18 09:25:45] [DEBUG] [matplotlib.font_manager] findfont: score(<Font 'Gadugi' (gadugi.ttf) normal normal 400 normal>) = 10.05
[2026-06-18 09:25:45] [DEBUG] [matplotlib.font_manager] findfont: score(<Font 'Wingdings 2' (WINGDNG2.TTF) normal normal 400 normal>) = 10.05
[2026-06-18 09:25:45] [DEBUG] [matplotlib.font_manager] findfont: score(<Font 'Georgia' (georgiai.ttf) italic normal 400 normal>) = 11.05
[2026-06-18 09:25:45] [DEBUG] [matplotlib.font_manager] findfont: score(<Font 'Sitka Small' (SitkaI.ttc) italic normal 400 normal>) = 11.05
[2026-06-18 09:25:45] [DEBUG] [matplotlib.font_manager] findfont: score(<Font 'Malgun Gothic' (malgun.ttf) normal normal 400 normal>) = 10.05
[2026-06-18 09:25:45] [DEBUG] [matplotlib.font_manager] findfont: score(<Font 'Yu Gothic' (YuGothR.ttc) normal normal 400 normal>) = 10.05
[2026-06-18 09:25:45] [DEBUG] [matplotlib.font_manager] findfont: score(<Font 'HoloLens MDL2 Assets' (holomdl2.ttf) normal normal 400 normal>) = 10.05
[2026-06-18 09:25:45] [DEBUG] [matplotlib.font_manager] findfont: score(<Font 'Phosphor' (phosphor-1.3.0.ttf) normal normal 400 normal>) = 10.05
[2026-06-18 09:25:45] [DEBUG] [matplotlib.font_manager] findfont: score(<Font 'Segoe UI' (segoeui.ttf) normal normal 400 normal>) = 10.05
[2026-06-18 09:25:45] [DEBUG] [matplotlib.font_manager] findfont: score(<Font 'codicon' (codicon-0.0.35.ttf) normal normal 400 normal>) = 10.05
[2026-06-18 09:25:45] [DEBUG] [matplotlib.font_manager] findfont: score(<Font 'STXihei' (STXIHEI.TTF) normal normal 400 normal>) = 10.05
[2026-06-18 09:25:45] [DEBUG] [matplotlib.font_manager] findfont: score(<Font 'Segoe UI' (seguisli.ttf) italic normal 350 normal>) = 11.0975
[2026-06-18 09:25:45] [DEBUG] [matplotlib.font_manager] findfont: score(<Font 'Franklin Gothic Medium' (framdit.ttf) italic normal 400 normal>) = 11.05
[2026-06-18 09:25:45] [DEBUG] [matplotlib.font_manager] findfont: score(<Font 'Microsoft PhagsPa' (phagspa.ttf) normal normal 400 normal>) = 10.05
[2026-06-18 09:25:45] [DEBUG] [matplotlib.font_manager] findfont: score(<Font 'Corbel' (corbelli.ttf) italic normal 300 normal>) = 11.145
[2026-06-18 09:25:45] [DEBUG] [matplotlib.font_manager] findfont: score(<Font 'Gabriola' (Gabriola.ttf) normal normal 400 normal>) = 10.05
[2026-06-18 09:25:45] [DEBUG] [matplotlib.font_manager] findfont: score(<Font 'Microsoft New Tai Lue' (ntailub.ttf) normal normal 700 normal>) = 10.335
[2026-06-18 09:25:45] [DEBUG] [matplotlib.font_manager] findfont: score(<Font 'SimHei' (simhei.ttf) normal normal 400 normal>) = 0.05
[2026-06-18 09:25:45] [DEBUG] [matplotlib.font_manager] findfont: score(<Font 'Microsoft JhengHei' (msjhl.ttc) normal normal 290 normal>) = 10.1545
[2026-06-18 09:25:45] [DEBUG] [matplotlib.font_manager] findfont: score(<Font 'Microsoft Uighur' (MSUIGHUR.TTF) normal normal 400 normal>) = 10.05
[2026-06-18 09:25:45] [DEBUG] [matplotlib.font_manager] findfont: score(<Font 'Microsoft Tai Le' (taileb.ttf) normal normal 700 normal>) = 10.335
[2026-06-18 09:25:45] [DEBUG] [matplotlib.font_manager] findfont: score(<Font 'Calibri' (calibri.ttf) normal normal 400 normal>) = 10.05
[2026-06-18 09:25:45] [DEBUG] [matplotlib.font_manager] findfont: score(<Font 'Candara' (Candaral.ttf) normal normal 400 normal>) = 10.05
[2026-06-18 09:25:45] [DEBUG] [matplotlib.font_manager] findfont: score(<Font 'FZYaoTi' (FZYTK.TTF) normal normal 400 normal>) = 10.05
[2026-06-18 09:25:45] [DEBUG] [matplotlib.font_manager] findfont: score(<Font 'Microsoft New Tai Lue' (ntailu.ttf) normal normal 400 normal>) = 10.05
[2026-06-18 09:25:45] [DEBUG] [matplotlib.font_manager] findfont: score(<Font 'Myanmar Text' (mmrtextb.ttf) normal normal 700 normal>) = 10.335
[2026-06-18 09:25:45] [DEBUG] [matplotlib.font_manager] findfont: score(<Font 'Leelawadee' (LEELAWDB.TTF) normal normal 700 normal>) = 10.335
[2026-06-18 09:25:45] [DEBUG] [matplotlib.font_manager] findfont: score(<Font 'Franklin Gothic Medium' (framd.ttf) normal normal 400 normal>) = 10.05
[2026-06-18 09:25:45] [DEBUG] [matplotlib.font_manager] findfont: score(<Font 'FZFangSong-Z02' (FZFS_GBK.ttf) normal normal 400 normal>) = 10.05
[2026-06-18 09:25:45] [DEBUG] [matplotlib.font_manager] findfont: score(<Font 'Ink Free' (Inkfree.ttf) normal normal 400 normal>) = 10.05
[2026-06-18 09:25:45] [DEBUG] [matplotlib.font_manager] findfont: score(<Font 'FZShuTi' (FZSTK.TTF) normal normal 400 normal>) = 10.05
[2026-06-18 09:25:45] [DEBUG] [matplotlib.font_manager] findfont: score(<Font 'Mongolian Baiti' (monbaiti.ttf) normal normal 400 normal>) = 10.05
[2026-06-18 09:25:45] [DEBUG] [matplotlib.font_manager] findfont: score(<Font 'Leelawadee UI' (LeelawUI.ttf) normal normal 400 normal>) = 10.05
[2026-06-18 09:25:45] [DEBUG] [matplotlib.font_manager] findfont: score(<Font 'Comic Sans MS' (comici.ttf) italic normal 400 normal>) = 11.05
[2026-06-18 09:25:45] [DEBUG] [matplotlib.font_manager] findfont: score(<Font 'Constantia' (constanb.ttf) normal normal 700 normal>) = 10.335
[2026-06-18 09:25:45] [DEBUG] [matplotlib.font_manager] findfont: score(<Font 'MS Gothic' (msgothic.ttc) normal normal 400 normal>) = 10.05
[2026-06-18 09:25:45] [DEBUG] [matplotlib.font_manager] findfont: score(<Font 'YouYuan' (SIMYOU.TTF) normal normal 400 normal>) = 10.05
[2026-06-18 09:25:45] [DEBUG] [matplotlib.font_manager] findfont: score(<Font 'Calibri' (calibrili.ttf) italic normal 300 normal>) = 11.145
[2026-06-18 09:25:45] [DEBUG] [matplotlib.font_manager] findfont: score(<Font 'HYZhongYuanB5' (HYZYB5.ttf) normal normal 400 normal>) = 10.05
[2026-06-18 09:25:45] [DEBUG] [matplotlib.font_manager] findfont: score(<Font 'Yu Gothic' (YuGothL.ttc) normal normal 300 normal>) = 10.145
[2026-06-18 09:25:45] [DEBUG] [matplotlib.font_manager] findfont: score(<Font 'STFangsong' (STFANGSO.TTF) normal normal 400 normal>) = 10.05
[2026-06-18 09:25:45] [DEBUG] [matplotlib.font_manager] findfont: score(<Font 'Ebrima' (ebrimabd.ttf) normal normal 700 normal>) = 10.335
[2026-06-18 09:25:45] [DEBUG] [matplotlib.font_manager] findfont: score(<Font 'FontAwesome' (fontawesome4-webfont-4.7.ttf) normal normal 400 normal>) = 10.05
[2026-06-18 09:25:45] [DEBUG] [matplotlib.font_manager] findfont: score(<Font 'Bahnschrift' (bahnschrift.ttf) normal normal 400 normal>) = 10.05
[2026-06-18 09:25:45] [DEBUG] [matplotlib.font_manager] findfont: score(<Font 'Myanmar Text' (mmrtext.ttf) normal normal 400 normal>) = 10.05
[2026-06-18 09:25:45] [DEBUG] [matplotlib.font_manager] findfont: score(<Font 'Material Design Icons' (materialdesignicons6-webfont-6.9.96.ttf) normal normal 400 normal>) = 10.05
[2026-06-18 09:25:45] [DEBUG] [matplotlib.font_manager] findfont: score(<Font 'STHupo' (STHUPO.TTF) normal normal 400 normal>) = 10.05
[2026-06-18 09:25:45] [DEBUG] [matplotlib.font_manager] findfont: score(<Font 'Microsoft Tai Le' (taile.ttf) normal normal 400 normal>) = 10.05
[2026-06-18 09:25:45] [DEBUG] [matplotlib.font_manager] findfont: score(<Font 'Constantia' (constan.ttf) normal normal 400 normal>) = 10.05
[2026-06-18 09:25:45] [DEBUG] [matplotlib.font_manager] findfont: score(<Font 'Cambria' (cambriaz.ttf) italic normal 700 normal>) = 11.335
[2026-06-18 09:25:45] [DEBUG] [matplotlib.font_manager] findfont: score(<Font 'Leelawadee' (LEELAWAD.TTF) normal normal 400 normal>) = 10.05
[2026-06-18 09:25:45] [DEBUG] [matplotlib.font_manager] findfont: score(<Font 'Trebuchet MS' (trebucbi.ttf) italic normal 700 normal>) = 11.335
[2026-06-18 09:25:45] [DEBUG] [matplotlib.font_manager] findfont: score(<Font 'Nirmala UI' (NirmalaB.ttf) normal normal 700 normal>) = 10.335
[2026-06-18 09:25:45] [DEBUG] [matplotlib.font_manager] findfont: score(<Font 'Nirmala UI' (NirmalaS.ttf) normal normal 350 normal>) = 10.0975
[2026-06-18 09:25:45] [DEBUG] [matplotlib.font_manager] findfont: score(<Font 'Courier New' (cour.ttf) normal normal 400 normal>) = 10.05
[2026-06-18 09:25:45] [DEBUG] [matplotlib.font_manager] findfont: score(<Font 'Impact' (impact.ttf) normal normal 400 normal>) = 10.05
[2026-06-18 09:25:45] [DEBUG] [matplotlib.font_manager] findfont: score(<Font 'Verdana' (verdanaz.ttf) italic normal 700 normal>) = 11.335
[2026-06-18 09:25:45] [DEBUG] [matplotlib.font_manager] findfont: score(<Font 'Times New Roman' (timesbd.ttf) normal normal 700 normal>) = 10.335
[2026-06-18 09:25:45] [DEBUG] [matplotlib.font_manager] findfont: score(<Font 'Verdana' (verdanab.ttf) normal normal 700 normal>) = 10.335
[2026-06-18 09:25:45] [DEBUG] [matplotlib.font_manager] findfont: score(<Font 'Segoe UI' (seguisb.ttf) normal normal 600 normal>) = 10.24
[2026-06-18 09:25:45] [DEBUG] [matplotlib.font_manager] findfont: score(<Font 'Calibri' (calibril.ttf) normal normal 300 normal>) = 10.145
[2026-06-18 09:25:45] [DEBUG] [matplotlib.font_manager] findfont: score(<Font 'Palatino Linotype' (pala.ttf) normal normal 400 normal>) = 10.05
[2026-06-18 09:25:45] [DEBUG] [matplotlib.font_manager] findfont: score(<Font 'STCaiyun' (STCAIYUN.TTF) normal normal 400 normal>) = 10.05
[2026-06-18 09:25:45] [DEBUG] [matplotlib.font_manager] findfont: score(<Font 'GWZT-EN' (GWZT-EN.ttf) normal normal 400 normal>) = 10.05
[2026-06-18 09:25:45] [DEBUG] [matplotlib.font_manager] findfont: score(<Font 'Arial Unicode MS' (ARIALUNI.TTF) normal normal 400 normal>) = 10.05
[2026-06-18 09:25:45] [DEBUG] [matplotlib.font_manager] findfont: score(<Font 'Cambria' (cambria.ttc) normal normal 400 normal>) = 10.05
[2026-06-18 09:25:45] [DEBUG] [matplotlib.font_manager] findfont: score(<Font 'Segoe UI' (seguibli.ttf) italic normal 900 normal>) = 11.525
[2026-06-18 09:25:45] [DEBUG] [matplotlib.font_manager] findfont: score(<Font 'Yu Gothic' (YuGothM.ttc) normal normal 500 normal>) = 10.145
[2026-06-18 09:25:45] [DEBUG] [matplotlib.font_manager] findfont: score(<Font 'STKaiti' (STKAITI.TTF) normal normal 400 normal>) = 10.05
[2026-06-18 09:25:45] [DEBUG] [matplotlib.font_manager] findfont: score(<Font 'Wingdings 3' (WINGDNG3.TTF) normal normal 400 normal>) = 10.05
[2026-06-18 09:25:45] [DEBUG] [matplotlib.font_manager] findfont: score(<Font 'remixicon' (remixicon-2.5.0.ttf) normal normal 400 normal>) = 10.05
[2026-06-18 09:25:45] [DEBUG] [matplotlib.font_manager] findfont: score(<Font 'Corbel' (corbel.ttf) normal normal 400 normal>) = 10.05
[2026-06-18 09:25:45] [DEBUG] [matplotlib.font_manager] findfont: score(<Font 'Font Awesome 5 Free Regular' (fontawesome5-regular-webfont-5.15.4.ttf) normal normal 400 normal>) = 10.05
[2026-06-18 09:25:45] [DEBUG] [matplotlib.font_manager] findfont: score(<Font 'Courier New' (couri.ttf) italic normal 400 normal>) = 11.05
[2026-06-18 09:25:45] [DEBUG] [matplotlib.font_manager] findfont: score(<Font 'Cascadia Code' (CascadiaCode.ttf) normal normal 400 normal>) = 10.05
[2026-06-18 09:25:45] [DEBUG] [matplotlib.font_manager] findfont: score(<Font 'Segoe UI' (segoeuisl.ttf) normal normal 350 normal>) = 10.0975
[2026-06-18 09:25:45] [DEBUG] [matplotlib.font_manager] findfont: score(<Font 'Lucida Console' (lucon.ttf) normal normal 400 normal>) = 10.05
[2026-06-18 09:25:45] [DEBUG] [matplotlib.font_manager] findfont: score(<Font 'Cascadia Mono' (CascadiaMono.ttf) normal normal 400 normal>) = 10.05
[2026-06-18 09:25:45] [DEBUG] [matplotlib.font_manager] findfont: score(<Font 'Arial' (arialbd.ttf) normal normal 700 normal>) = 10.335
[2026-06-18 09:25:45] [DEBUG] [matplotlib.font_manager] findfont: score(<Font 'Segoe UI Symbol' (seguisym.ttf) normal normal 400 normal>) = 10.05
[2026-06-18 09:25:45] [DEBUG] [matplotlib.font_manager] findfont: score(<Font 'Sylfaen' (sylfaen.ttf) normal normal 400 normal>) = 10.05
[2026-06-18 09:25:45] [DEBUG] [matplotlib.font_manager] findfont: score(<Font 'Candara' (Candarai.ttf) italic normal 400 normal>) = 11.05
[2026-06-18 09:25:45] [DEBUG] [matplotlib.font_manager] findfont: score(<Font 'Arial' (ariblk.ttf) normal normal 900 normal>) = 10.525
[2026-06-18 09:25:45] [DEBUG] [matplotlib.font_manager] findfont: score(<Font 'elusiveicons' (elusiveicons-webfont-2.0.ttf) normal normal 500 normal>) = 10.145
[2026-06-18 09:25:45] [DEBUG] [matplotlib.font_manager] findfont: score(<Font '????' (语文格子.ttf) normal normal 400 normal>) = 10.05
[2026-06-18 09:25:45] [DEBUG] [matplotlib.font_manager] findfont: score(<Font 'Gadugi' (gadugib.ttf) normal normal 700 normal>) = 10.335
[2026-06-18 09:25:45] [DEBUG] [matplotlib.font_manager] findfont: score(<Font 'Times New Roman' (timesi.ttf) italic normal 400 normal>) = 11.05
[2026-06-18 09:25:45] [DEBUG] [matplotlib.font_manager] findfont: score(<Font 'Leelawadee UI' (LeelUIsl.ttf) normal normal 350 normal>) = 10.0975
[2026-06-18 09:25:45] [DEBUG] [matplotlib.font_manager] findfont: score(<Font 'Segoe UI' (segoeuiz.ttf) italic normal 700 normal>) = 11.335
[2026-06-18 09:25:45] [DEBUG] [matplotlib.font_manager] findfont: score(<Font 'Segoe UI' (seguibl.ttf) normal normal 900 normal>) = 10.525
[2026-06-18 09:25:45] [DEBUG] [matplotlib.font_manager] findfont: score(<Font 'Palatino Linotype' (palai.ttf) italic normal 400 normal>) = 11.05
[2026-06-18 09:25:45] [DEBUG] [matplotlib.font_manager] findfont: score(<Font 'Palatino Linotype' (palabi.ttf) italic normal 700 normal>) = 11.335
[2026-06-18 09:25:45] [DEBUG] [matplotlib.font_manager] findfont: score(<Font 'Sitka Small' (Sitka.ttc) normal normal 400 normal>) = 10.05
[2026-06-18 09:25:45] [DEBUG] [matplotlib.font_manager] findfont: score(<Font 'Webdings' (webdings.ttf) normal normal 400 normal>) = 10.05
[2026-06-18 09:25:45] [DEBUG] [matplotlib.font_manager] findfont: score(<Font 'SimSun-ExtG' (SimsunExtG.ttf) normal normal 400 normal>) = 10.05
[2026-06-18 09:25:45] [DEBUG] [matplotlib.font_manager] findfont: score(<Font 'DengXian' (Deng.ttf) normal normal 400 normal>) = 10.05
[2026-06-18 09:25:45] [DEBUG] [matplotlib.font_manager] findfont: score(<Font 'Corbel' (corbeli.ttf) italic normal 400 normal>) = 11.05
[2026-06-18 09:25:45] [DEBUG] [matplotlib.font_manager] findfont: score(<Font 'Consolas' (consolai.ttf) italic normal 400 normal>) = 11.05
[2026-06-18 09:25:45] [DEBUG] [matplotlib.font_manager] findfont: score(<Font 'Font Awesome 5 Free Solid' (fontawesome5-solid-webfont-5.15.4.ttf) normal normal 900 normal>) = 10.525
[2026-06-18 09:25:45] [DEBUG] [matplotlib.font_manager] findfont: score(<Font 'MingLiU-ExtB' (mingliub.ttc) normal normal 400 normal>) = 10.05
[2026-06-18 09:25:45] [DEBUG] [matplotlib.font_manager] findfont: score(<Font 'Times New Roman' (times.ttf) normal normal 400 normal>) = 10.05
[2026-06-18 09:25:45] [DEBUG] [matplotlib.font_manager] findfont: score(<Font 'Segoe Script' (segoesc.ttf) normal normal 400 normal>) = 10.05
[2026-06-18 09:25:45] [DEBUG] [matplotlib.font_manager] findfont: score(<Font 'Calibri' (calibriz.ttf) italic normal 700 normal>) = 11.335
[2026-06-18 09:25:45] [DEBUG] [matplotlib.font_manager] findfont: score(<Font 'Ebrima' (ebrima.ttf) normal normal 400 normal>) = 10.05
[2026-06-18 09:25:45] [DEBUG] [matplotlib.font_manager] findfont: score(<Font 'Comic Sans MS' (comicz.ttf) italic normal 700 normal>) = 11.335
[2026-06-18 09:25:45] [DEBUG] [matplotlib.font_manager] findfont: score(<Font 'Segoe UI Emoji' (seguiemj.ttf) normal normal 400 normal>) = 10.05
[2026-06-18 09:25:45] [DEBUG] [matplotlib.font_manager] findfont: score(<Font 'Trebuchet MS' (trebucbd.ttf) normal normal 700 normal>) = 10.335
[2026-06-18 09:25:45] [DEBUG] [matplotlib.font_manager] findfont: score(<Font 'STXingkai' (STXINGKA.TTF) normal normal 400 normal>) = 10.05
[2026-06-18 09:25:45] [DEBUG] [matplotlib.font_manager] findfont: score(<Font 'LiSu' (SIMLI.TTF) normal normal 400 normal>) = 10.05
[2026-06-18 09:25:45] [DEBUG] [matplotlib.font_manager] findfont: score(<Font 'Constantia' (constanz.ttf) italic normal 700 normal>) = 11.335
[2026-06-18 09:25:45] [DEBUG] [matplotlib.font_manager] findfont: score(<Font 'Microsoft JhengHei' (msjh.ttc) normal normal 400 normal>) = 10.05
[2026-06-18 09:25:45] [DEBUG] [matplotlib.font_manager] findfont: score(<Font 'Arial' (ariali.ttf) italic normal 400 normal>) = 11.05
[2026-06-18 09:25:45] [DEBUG] [matplotlib.font_manager] findfont: score(<Font 'Courier New' (courbd.ttf) normal normal 700 normal>) = 10.335
[2026-06-18 09:25:45] [DEBUG] [matplotlib.font_manager] findfont: score(<Font 'Malgun Gothic' (malgunsl.ttf) normal normal 300 normal>) = 10.145
[2026-06-18 09:25:45] [DEBUG] [matplotlib.font_manager] findfont: score(<Font 'Wingdings' (wingding.ttf) normal normal 400 normal>) = 10.05
[2026-06-18 09:25:45] [DEBUG] [matplotlib.font_manager] findfont: score(<Font 'Segoe UI' (seguili.ttf) italic normal 300 normal>) = 11.145
[2026-06-18 09:25:45] [DEBUG] [matplotlib.font_manager] findfont: score(<Font 'Tahoma' (tahoma.ttf) normal normal 400 normal>) = 10.05
[2026-06-18 09:25:45] [DEBUG] [matplotlib.font_manager] findfont: score(<Font 'Font Awesome 5 Brands' (fontawesome5-brands-webfont-5.15.4.ttf) normal normal 400 normal>) = 10.05
[2026-06-18 09:25:45] [DEBUG] [matplotlib.font_manager] findfont: score(<Font 'MT Extra' (mtextra.ttf) normal normal 400 normal>) = 10.05
[2026-06-18 09:25:45] [DEBUG] [matplotlib.font_manager] findfont: score(<Font 'Cambria' (cambriab.ttf) normal normal 700 normal>) = 10.335
[2026-06-18 09:25:45] [DEBUG] [matplotlib.font_manager] findfont: score(<Font 'Microsoft JhengHei' (msjhbd.ttc) normal normal 700 normal>) = 10.335
[2026-06-18 09:25:45] [DEBUG] [matplotlib.font_manager] findfont: score(<Font 'Malgun Gothic' (malgunbd.ttf) normal normal 700 normal>) = 10.335
[2026-06-18 09:25:45] [DEBUG] [matplotlib.font_manager] findfont: score(<Font 'Lucida Sans Unicode' (l_10646.ttf) normal normal 400 normal>) = 10.05
[2026-06-18 09:25:45] [DEBUG] [matplotlib.font_manager] findfont: score(<Font 'Microsoft YaHei' (msyhbd.ttc) normal normal 700 normal>) = 10.335
[2026-06-18 09:25:45] [DEBUG] [matplotlib.font_manager] findfont: score(<Font 'Microsoft Yi Baiti' (msyi.ttf) normal normal 400 normal>) = 10.05
[2026-06-18 09:25:45] [DEBUG] [matplotlib.font_manager] findfont: score(<Font 'Segoe UI' (segoeuii.ttf) italic normal 400 normal>) = 11.05
[2026-06-18 09:25:45] [DEBUG] [matplotlib.font_manager] findfont: score(<Font 'SimSun' (simsun.ttc) normal normal 400 normal>) = 10.05
[2026-06-18 09:25:45] [DEBUG] [matplotlib.font_manager] findfont: score(<Font '????' (不坑盒子.ttf) normal normal 400 normal>) = 10.05
[2026-06-18 09:25:45] [DEBUG] [matplotlib.font_manager] findfont: score(<Font 'Candara' (Candara.ttf) normal normal 400 normal>) = 10.05
[2026-06-18 09:25:45] [DEBUG] [matplotlib.font_manager] findfont: score(<Font 'Candara' (Candarali.ttf) italic normal 400 normal>) = 11.05
[2026-06-18 09:25:45] [DEBUG] [matplotlib.font_manager] findfont: Matching sans\-serif:style=normal:variant=normal:weight=normal:stretch=normal:size=10.0 to SimHei ('C:\\Windows\\Fonts\\simhei.ttf') with score of 0.050000.
[2026-06-18 09:25:45] [DEBUG] [matplotlib.font_manager] findfont: Matching sans\-serif:style=normal:variant=normal:weight=bold:stretch=normal:size=12.0.
[2026-06-18 09:25:45] [DEBUG] [matplotlib.font_manager] findfont: score(<Font 'cmmi10' (cmmi10.ttf) normal normal 400 normal>) = 10.335
[2026-06-18 09:25:45] [DEBUG] [matplotlib.font_manager] findfont: score(<Font 'STIXSizeOneSym' (STIXSizOneSymBol.ttf) normal normal 700 normal>) = 10.05
[2026-06-18 09:25:45] [DEBUG] [matplotlib.font_manager] findfont: score(<Font 'STIXSizeOneSym' (STIXSizOneSymReg.ttf) normal normal 400 normal>) = 10.335
[2026-06-18 09:25:45] [DEBUG] [matplotlib.font_manager] findfont: score(<Font 'cmr10' (cmr10.ttf) normal normal 400 normal>) = 10.335
[2026-06-18 09:25:45] [DEBUG] [matplotlib.font_manager] findfont: score(<Font 'STIXGeneral' (STIXGeneralItalic.ttf) italic normal 400 normal>) = 11.335
[2026-06-18 09:25:45] [DEBUG] [matplotlib.font_manager] findfont: score(<Font 'STIXGeneral' (STIXGeneralBolIta.ttf) italic normal 700 normal>) = 11.05
[2026-06-18 09:25:45] [DEBUG] [matplotlib.font_manager] findfont: score(<Font 'DejaVu Serif' (DejaVuSerif-Bold.ttf) normal normal 700 normal>) = 10.05
[2026-06-18 09:25:45] [DEBUG] [matplotlib.font_manager] findfont: score(<Font 'STIXNonUnicode' (STIXNonUniBolIta.ttf) italic normal 700 normal>) = 11.05
[2026-06-18 09:25:45] [DEBUG] [matplotlib.font_manager] findfont: score(<Font 'DejaVu Serif Display' (DejaVuSerifDisplay.ttf) normal normal 400 normal>) = 10.335
[2026-06-18 09:25:45] [DEBUG] [matplotlib.font_manager] findfont: score(<Font 'DejaVu Serif' (DejaVuSerif.ttf) normal normal 400 normal>) = 10.335
[2026-06-18 09:25:45] [DEBUG] [matplotlib.font_manager] findfont: score(<Font 'DejaVu Sans Mono' (DejaVuSansMono-BoldOblique.ttf) oblique normal 700 normal>) = 11.05
[2026-06-18 09:25:45] [DEBUG] [matplotlib.font_manager] findfont: score(<Font 'cmtt10' (cmtt10.ttf) normal normal 400 normal>) = 10.335
[2026-06-18 09:25:45] [DEBUG] [matplotlib.font_manager] findfont: score(<Font 'DejaVu Sans Mono' (DejaVuSansMono.ttf) normal normal 400 normal>) = 10.335
[2026-06-18 09:25:45] [DEBUG] [matplotlib.font_manager] findfont: score(<Font 'cmex10' (cmex10.ttf) normal normal 400 normal>) = 10.335
[2026-06-18 09:25:45] [DEBUG] [matplotlib.font_manager] findfont: score(<Font 'DejaVu Serif' (DejaVuSerif-BoldItalic.ttf) italic normal 700 normal>) = 11.05
[2026-06-18 09:25:45] [DEBUG] [matplotlib.font_manager] findfont: score(<Font 'cmb10' (cmb10.ttf) normal normal 400 normal>) = 10.335
[2026-06-18 09:25:45] [DEBUG] [matplotlib.font_manager] findfont: score(<Font 'DejaVu Sans' (DejaVuSans-Oblique.ttf) oblique normal 400 normal>) = 11.335
[2026-06-18 09:25:45] [DEBUG] [matplotlib.font_manager] findfont: score(<Font 'STIXNonUnicode' (STIXNonUni.ttf) normal normal 400 normal>) = 10.335
[2026-06-18 09:25:45] [DEBUG] [matplotlib.font_manager] findfont: score(<Font 'DejaVu Sans Mono' (DejaVuSansMono-Bold.ttf) normal normal 700 normal>) = 10.05
[2026-06-18 09:25:45] [DEBUG] [matplotlib.font_manager] findfont: score(<Font 'cmss10' (cmss10.ttf) normal normal 400 normal>) = 10.335
[2026-06-18 09:25:45] [DEBUG] [matplotlib.font_manager] findfont: score(<Font 'cmsy10' (cmsy10.ttf) normal normal 400 normal>) = 10.335
[2026-06-18 09:25:45] [DEBUG] [matplotlib.font_manager] findfont: score(<Font 'STIXSizeThreeSym' (STIXSizThreeSymBol.ttf) normal normal 700 normal>) = 10.05
[2026-06-18 09:25:45] [DEBUG] [matplotlib.font_manager] findfont: score(<Font 'DejaVu Sans Display' (DejaVuSansDisplay.ttf) normal normal 400 normal>) = 10.335
[2026-06-18 09:25:45] [DEBUG] [matplotlib.font_manager] findfont: score(<Font 'STIXSizeThreeSym' (STIXSizThreeSymReg.ttf) normal normal 400 normal>) = 10.335
[2026-06-18 09:25:45] [DEBUG] [matplotlib.font_manager] findfont: score(<Font 'DejaVu Sans Mono' (DejaVuSansMono-Oblique.ttf) oblique normal 400 normal>) = 11.335
[2026-06-18 09:25:45] [DEBUG] [matplotlib.font_manager] findfont: score(<Font 'STIXNonUnicode' (STIXNonUniIta.ttf) italic normal 400 normal>) = 11.335
[2026-06-18 09:25:45] [DEBUG] [matplotlib.font_manager] findfont: score(<Font 'STIXSizeFourSym' (STIXSizFourSymReg.ttf) normal normal 400 normal>) = 10.335
[2026-06-18 09:25:45] [DEBUG] [matplotlib.font_manager] findfont: score(<Font 'STIXSizeTwoSym' (STIXSizTwoSymBol.ttf) normal normal 700 normal>) = 10.05
[2026-06-18 09:25:45] [DEBUG] [matplotlib.font_manager] findfont: score(<Font 'STIXNonUnicode' (STIXNonUniBol.ttf) normal normal 700 normal>) = 10.05
[2026-06-18 09:25:45] [DEBUG] [matplotlib.font_manager] findfont: score(<Font 'DejaVu Sans' (DejaVuSans-BoldOblique.ttf) oblique normal 700 normal>) = 11.05
[2026-06-18 09:25:45] [DEBUG] [matplotlib.font_manager] findfont: score(<Font 'STIXGeneral' (STIXGeneralBol.ttf) normal normal 700 normal>) = 10.05
[2026-06-18 09:25:45] [DEBUG] [matplotlib.font_manager] findfont: score(<Font 'DejaVu Sans' (DejaVuSans-Bold.ttf) normal normal 700 normal>) = 10.05
[2026-06-18 09:25:45] [DEBUG] [matplotlib.font_manager] findfont: score(<Font 'DejaVu Serif' (DejaVuSerif-Italic.ttf) italic normal 400 normal>) = 11.335
[2026-06-18 09:25:45] [DEBUG] [matplotlib.font_manager] findfont: score(<Font 'STIXSizeFiveSym' (STIXSizFiveSymReg.ttf) normal normal 400 normal>) = 10.335
[2026-06-18 09:25:45] [DEBUG] [matplotlib.font_manager] findfont: score(<Font 'STIXSizeFourSym' (STIXSizFourSymBol.ttf) normal normal 700 normal>) = 10.05
[2026-06-18 09:25:45] [DEBUG] [matplotlib.font_manager] findfont: score(<Font 'DejaVu Sans' (DejaVuSans.ttf) normal normal 400 normal>) = 10.335
[2026-06-18 09:25:45] [DEBUG] [matplotlib.font_manager] findfont: score(<Font 'STIXSizeTwoSym' (STIXSizTwoSymReg.ttf) normal normal 400 normal>) = 10.335
[2026-06-18 09:25:45] [DEBUG] [matplotlib.font_manager] findfont: score(<Font 'STIXGeneral' (STIXGeneral.ttf) normal normal 400 normal>) = 10.335
[2026-06-18 09:25:45] [DEBUG] [matplotlib.font_manager] findfont: score(<Font 'Arial' (arialbi.ttf) italic normal 700 normal>) = 11.05
[2026-06-18 09:25:45] [DEBUG] [matplotlib.font_manager] findfont: score(<Font 'Microsoft Sans Serif' (micross.ttf) normal normal 400 normal>) = 10.335
[2026-06-18 09:25:45] [DEBUG] [matplotlib.font_manager] findfont: score(<Font 'HYYeYXSJ' (HTYYXSTJ.ttf) normal normal 400 normal>) = 10.335
[2026-06-18 09:25:45] [DEBUG] [matplotlib.font_manager] findfont: score(<Font 'Verdana' (verdanai.ttf) italic normal 400 normal>) = 11.335
[2026-06-18 09:25:45] [DEBUG] [matplotlib.font_manager] findfont: score(<Font 'DengXian' (Dengb.ttf) normal normal 700 normal>) = 10.05
[2026-06-18 09:25:45] [DEBUG] [matplotlib.font_manager] findfont: score(<Font 'Microsoft Himalaya' (himalaya.ttf) normal normal 400 normal>) = 10.335
[2026-06-18 09:25:45] [DEBUG] [matplotlib.font_manager] findfont: score(<Font 'Courier New' (courbi.ttf) italic normal 700 normal>) = 11.05
[2026-06-18 09:25:45] [DEBUG] [matplotlib.font_manager] findfont: score(<Font 'Sitka Small' (SitkaB.ttc) normal normal 700 normal>) = 10.05
[2026-06-18 09:25:45] [DEBUG] [matplotlib.font_manager] findfont: score(<Font 'Sitka Small' (SitkaZ.ttc) italic normal 700 normal>) = 11.05
[2026-06-18 09:25:45] [DEBUG] [matplotlib.font_manager] findfont: score(<Font 'Georgia' (georgiaz.ttf) italic normal 700 normal>) = 11.05
[2026-06-18 09:25:45] [DEBUG] [matplotlib.font_manager] findfont: score(<Font 'Georgia' (georgiab.ttf) normal normal 700 normal>) = 10.05
[2026-06-18 09:25:45] [DEBUG] [matplotlib.font_manager] findfont: score(<Font 'Tahoma' (tahomabd.ttf) normal normal 700 normal>) = 10.05
[2026-06-18 09:25:45] [DEBUG] [matplotlib.font_manager] findfont: score(<Font 'Kingsoft UE' (KingsoftUE.ttf) normal normal 400 normal>) = 10.335
[2026-06-18 09:25:45] [DEBUG] [matplotlib.font_manager] findfont: score(<Font 'Corbel' (corbell.ttf) normal normal 300 normal>) = 10.43
[2026-06-18 09:25:45] [DEBUG] [matplotlib.font_manager] findfont: score(<Font 'Century' (CENTURY.TTF) normal normal 400 normal>) = 10.335
[2026-06-18 09:25:45] [DEBUG] [matplotlib.font_manager] findfont: score(<Font 'Trebuchet MS' (trebuc.ttf) normal normal 400 normal>) = 10.335
[2026-06-18 09:25:45] [DEBUG] [matplotlib.font_manager] findfont: score(<Font 'Constantia' (constani.ttf) italic normal 400 normal>) = 11.335
[2026-06-18 09:25:45] [DEBUG] [matplotlib.font_manager] findfont: score(<Font 'SimSun-ExtB' (simsunb.ttf) normal normal 400 normal>) = 10.335
[2026-06-18 09:25:45] [DEBUG] [matplotlib.font_manager] findfont: score(<Font 'Candara' (Candaraz.ttf) italic normal 700 normal>) = 11.05
[2026-06-18 09:25:45] [DEBUG] [matplotlib.font_manager] findfont: score(<Font 'Consolas' (consola.ttf) normal normal 400 normal>) = 10.335
[2026-06-18 09:25:45] [DEBUG] [matplotlib.font_manager] findfont: score(<Font 'Segoe UI' (segoeuil.ttf) normal normal 300 normal>) = 10.43
[2026-06-18 09:25:45] [DEBUG] [matplotlib.font_manager] findfont: score(<Font 'Trebuchet MS' (trebucit.ttf) italic normal 400 normal>) = 11.335
[2026-06-18 09:25:45] [DEBUG] [matplotlib.font_manager] findfont: score(<Font 'Calibri' (calibrii.ttf) italic normal 400 normal>) = 11.335
[2026-06-18 09:25:45] [DEBUG] [matplotlib.font_manager] findfont: score(<Font 'STZhongsong' (STZHONGS.TTF) normal normal 400 normal>) = 10.335
[2026-06-18 09:25:45] [DEBUG] [matplotlib.font_manager] findfont: score(<Font 'Segoe UI' (seguisbi.ttf) italic normal 600 normal>) = 11.145
[2026-06-18 09:25:45] [DEBUG] [matplotlib.font_manager] findfont: score(<Font 'Leelawadee UI' (LeelaUIb.ttf) normal normal 700 normal>) = 10.05
[2026-06-18 09:25:45] [DEBUG] [matplotlib.font_manager] findfont: score(<Font 'Microsoft YaHei' (msyhl.ttc) normal normal 290 normal>) = 10.4395
[2026-06-18 09:25:45] [DEBUG] [matplotlib.font_manager] findfont: score(<Font 'Segoe UI' (segoeuib.ttf) normal normal 700 normal>) = 10.05
[2026-06-18 09:25:45] [DEBUG] [matplotlib.font_manager] findfont: score(<Font 'Arial' (arial.ttf) normal normal 400 normal>) = 10.335
[2026-06-18 09:25:45] [DEBUG] [matplotlib.font_manager] findfont: score(<Font 'STXinwei' (STXINWEI.TTF) normal normal 400 normal>) = 10.335
[2026-06-18 09:25:45] [DEBUG] [matplotlib.font_manager] findfont: score(<Font 'KaiTi' (simkai.ttf) normal normal 400 normal>) = 10.335
[2026-06-18 09:25:45] [DEBUG] [matplotlib.font_manager] findfont: score(<Font 'Material Design Icons 5.9.55' (materialdesignicons5-webfont-5.9.55.ttf) normal normal 400 normal>) = 10.335
[2026-06-18 09:25:45] [DEBUG] [matplotlib.font_manager] findfont: score(<Font 'Yu Gothic' (YuGothB.ttc) normal normal 700 normal>) = 10.05
[2026-06-18 09:25:45] [DEBUG] [matplotlib.font_manager] findfont: score(<Font 'Segoe Print' (segoepr.ttf) normal normal 400 normal>) = 10.335
[2026-06-18 09:25:45] [DEBUG] [matplotlib.font_manager] findfont: score(<Font 'FangSong' (simfang.ttf) normal normal 400 normal>) = 10.335
[2026-06-18 09:25:45] [DEBUG] [matplotlib.font_manager] findfont: score(<Font 'Symbol' (symbol.ttf) normal normal 400 normal>) = 10.335
[2026-06-18 09:25:45] [DEBUG] [matplotlib.font_manager] findfont: score(<Font 'Microsoft Uighur' (MSUIGHUB.TTF) normal normal 700 normal>) = 10.05
[2026-06-18 09:25:45] [DEBUG] [matplotlib.font_manager] findfont: score(<Font 'Microsoft PhagsPa' (phagspab.ttf) normal normal 700 normal>) = 10.05
[2026-06-18 09:25:45] [DEBUG] [matplotlib.font_manager] findfont: score(<Font 'Corbel' (corbelz.ttf) italic normal 700 normal>) = 11.05
[2026-06-18 09:25:45] [DEBUG] [matplotlib.font_manager] findfont: score(<Font 'Candara' (Candarab.ttf) normal normal 700 normal>) = 10.05
[2026-06-18 09:25:45] [DEBUG] [matplotlib.font_manager] findfont: score(<Font 'Segoe Script' (segoescb.ttf) normal normal 700 normal>) = 10.05
[2026-06-18 09:25:45] [DEBUG] [matplotlib.font_manager] findfont: score(<Font 'Segoe UI Historic' (seguihis.ttf) normal normal 400 normal>) = 10.335
[2026-06-18 09:25:45] [DEBUG] [matplotlib.font_manager] findfont: score(<Font 'Verdana' (verdana.ttf) normal normal 400 normal>) = 10.335
[2026-06-18 09:25:45] [DEBUG] [matplotlib.font_manager] findfont: score(<Font 'Corbel' (corbelb.ttf) normal normal 700 normal>) = 10.05
[2026-06-18 09:25:45] [DEBUG] [matplotlib.font_manager] findfont: score(<Font 'Calibri' (calibrib.ttf) normal normal 700 normal>) = 10.05
[2026-06-18 09:25:45] [DEBUG] [matplotlib.font_manager] findfont: score(<Font 'Javanese Text' (javatext.ttf) normal normal 400 normal>) = 10.335
[2026-06-18 09:25:45] [DEBUG] [matplotlib.font_manager] findfont: score(<Font 'DejaVu Math TeX Gyre' (DejaVuMathTeXGyre.ttf) normal normal 400 normal>) = 10.335
[2026-06-18 09:25:45] [DEBUG] [matplotlib.font_manager] findfont: score(<Font 'Cambria' (cambriai.ttf) italic normal 400 normal>) = 11.335
[2026-06-18 09:25:45] [DEBUG] [matplotlib.font_manager] findfont: score(<Font 'STSong' (STSONG.TTF) normal normal 400 normal>) = 10.335
[2026-06-18 09:25:45] [DEBUG] [matplotlib.font_manager] findfont: score(<Font 'Comic Sans MS' (comic.ttf) normal normal 400 normal>) = 10.335
[2026-06-18 09:25:45] [DEBUG] [matplotlib.font_manager] findfont: score(<Font 'Palatino Linotype' (palab.ttf) normal normal 700 normal>) = 10.05
[2026-06-18 09:25:45] [DEBUG] [matplotlib.font_manager] findfont: score(<Font 'Segoe MDL2 Assets' (segmdl2.ttf) normal normal 400 normal>) = 10.335
[2026-06-18 09:25:45] [DEBUG] [matplotlib.font_manager] findfont: score(<Font 'Microsoft YaHei' (msyh.ttc) normal normal 400 normal>) = 10.335
[2026-06-18 09:25:45] [DEBUG] [matplotlib.font_manager] findfont: score(<Font 'Times New Roman' (timesbi.ttf) italic normal 700 normal>) = 11.05
[2026-06-18 09:25:45] [DEBUG] [matplotlib.font_manager] findfont: score(<Font 'Consolas' (consolab.ttf) normal normal 700 normal>) = 10.05
[2026-06-18 09:25:45] [DEBUG] [matplotlib.font_manager] findfont: score(<Font 'STLiti' (STLITI.TTF) normal normal 400 normal>) = 10.335
[2026-06-18 09:25:45] [DEBUG] [matplotlib.font_manager] findfont: score(<Font 'Segoe Print' (segoeprb.ttf) normal normal 700 normal>) = 10.05
[2026-06-18 09:25:45] [DEBUG] [matplotlib.font_manager] findfont: score(<Font 'Consolas' (consolaz.ttf) italic normal 700 normal>) = 11.05
[2026-06-18 09:25:45] [DEBUG] [matplotlib.font_manager] findfont: score(<Font 'Georgia' (georgia.ttf) normal normal 400 normal>) = 10.335
[2026-06-18 09:25:45] [DEBUG] [matplotlib.font_manager] findfont: score(<Font '?????' (人教版拼音.ttf) normal normal 400 normal>) = 10.335
[2026-06-18 09:25:45] [DEBUG] [matplotlib.font_manager] findfont: score(<Font 'DengXian' (Dengl.ttf) normal normal 300 normal>) = 10.43
[2026-06-18 09:25:45] [DEBUG] [matplotlib.font_manager] findfont: score(<Font 'MV Boli' (mvboli.ttf) normal normal 400 normal>) = 10.335
[2026-06-18 09:25:45] [DEBUG] [matplotlib.font_manager] findfont: score(<Font 'Nirmala UI' (Nirmala.ttf) normal normal 400 normal>) = 10.335
[2026-06-18 09:25:45] [DEBUG] [matplotlib.font_manager] findfont: score(<Font 'Comic Sans MS' (comicbd.ttf) normal normal 700 normal>) = 10.05
[2026-06-18 09:25:45] [DEBUG] [matplotlib.font_manager] findfont: score(<Font 'Gadugi' (gadugi.ttf) normal normal 400 normal>) = 10.335
[2026-06-18 09:25:45] [DEBUG] [matplotlib.font_manager] findfont: score(<Font 'Wingdings 2' (WINGDNG2.TTF) normal normal 400 normal>) = 10.335
[2026-06-18 09:25:45] [DEBUG] [matplotlib.font_manager] findfont: score(<Font 'Georgia' (georgiai.ttf) italic normal 400 normal>) = 11.335
[2026-06-18 09:25:45] [DEBUG] [matplotlib.font_manager] findfont: score(<Font 'Sitka Small' (SitkaI.ttc) italic normal 400 normal>) = 11.335
[2026-06-18 09:25:45] [DEBUG] [matplotlib.font_manager] findfont: score(<Font 'Malgun Gothic' (malgun.ttf) normal normal 400 normal>) = 10.335
[2026-06-18 09:25:45] [DEBUG] [matplotlib.font_manager] findfont: score(<Font 'Yu Gothic' (YuGothR.ttc) normal normal 400 normal>) = 10.335
[2026-06-18 09:25:45] [DEBUG] [matplotlib.font_manager] findfont: score(<Font 'HoloLens MDL2 Assets' (holomdl2.ttf) normal normal 400 normal>) = 10.335
[2026-06-18 09:25:45] [DEBUG] [matplotlib.font_manager] findfont: score(<Font 'Phosphor' (phosphor-1.3.0.ttf) normal normal 400 normal>) = 10.335
[2026-06-18 09:25:45] [DEBUG] [matplotlib.font_manager] findfont: score(<Font 'Segoe UI' (segoeui.ttf) normal normal 400 normal>) = 10.335
[2026-06-18 09:25:45] [DEBUG] [matplotlib.font_manager] findfont: score(<Font 'codicon' (codicon-0.0.35.ttf) normal normal 400 normal>) = 10.335
[2026-06-18 09:25:45] [DEBUG] [matplotlib.font_manager] findfont: score(<Font 'STXihei' (STXIHEI.TTF) normal normal 400 normal>) = 10.335
[2026-06-18 09:25:45] [DEBUG] [matplotlib.font_manager] findfont: score(<Font 'Segoe UI' (seguisli.ttf) italic normal 350 normal>) = 11.3825
[2026-06-18 09:25:45] [DEBUG] [matplotlib.font_manager] findfont: score(<Font 'Franklin Gothic Medium' (framdit.ttf) italic normal 400 normal>) = 11.335
[2026-06-18 09:25:45] [DEBUG] [matplotlib.font_manager] findfont: score(<Font 'Microsoft PhagsPa' (phagspa.ttf) normal normal 400 normal>) = 10.335
[2026-06-18 09:25:45] [DEBUG] [matplotlib.font_manager] findfont: score(<Font 'Corbel' (corbelli.ttf) italic normal 300 normal>) = 11.43
[2026-06-18 09:25:45] [DEBUG] [matplotlib.font_manager] findfont: score(<Font 'Gabriola' (Gabriola.ttf) normal normal 400 normal>) = 10.335
[2026-06-18 09:25:45] [DEBUG] [matplotlib.font_manager] findfont: score(<Font 'Microsoft New Tai Lue' (ntailub.ttf) normal normal 700 normal>) = 10.05
[2026-06-18 09:25:45] [DEBUG] [matplotlib.font_manager] findfont: score(<Font 'SimHei' (simhei.ttf) normal normal 400 normal>) = 0.33499999999999996
[2026-06-18 09:25:45] [DEBUG] [matplotlib.font_manager] findfont: score(<Font 'Microsoft JhengHei' (msjhl.ttc) normal normal 290 normal>) = 10.4395
[2026-06-18 09:25:45] [DEBUG] [matplotlib.font_manager] findfont: score(<Font 'Microsoft Uighur' (MSUIGHUR.TTF) normal normal 400 normal>) = 10.335
[2026-06-18 09:25:45] [DEBUG] [matplotlib.font_manager] findfont: score(<Font 'Microsoft Tai Le' (taileb.ttf) normal normal 700 normal>) = 10.05
[2026-06-18 09:25:45] [DEBUG] [matplotlib.font_manager] findfont: score(<Font 'Calibri' (calibri.ttf) normal normal 400 normal>) = 10.335
[2026-06-18 09:25:45] [DEBUG] [matplotlib.font_manager] findfont: score(<Font 'Candara' (Candaral.ttf) normal normal 400 normal>) = 10.335
[2026-06-18 09:25:45] [DEBUG] [matplotlib.font_manager] findfont: score(<Font 'FZYaoTi' (FZYTK.TTF) normal normal 400 normal>) = 10.335
[2026-06-18 09:25:45] [DEBUG] [matplotlib.font_manager] findfont: score(<Font 'Microsoft New Tai Lue' (ntailu.ttf) normal normal 400 normal>) = 10.335
[2026-06-18 09:25:45] [DEBUG] [matplotlib.font_manager] findfont: score(<Font 'Myanmar Text' (mmrtextb.ttf) normal normal 700 normal>) = 10.05
[2026-06-18 09:25:45] [DEBUG] [matplotlib.font_manager] findfont: score(<Font 'Leelawadee' (LEELAWDB.TTF) normal normal 700 normal>) = 10.05
[2026-06-18 09:25:45] [DEBUG] [matplotlib.font_manager] findfont: score(<Font 'Franklin Gothic Medium' (framd.ttf) normal normal 400 normal>) = 10.335
[2026-06-18 09:25:45] [DEBUG] [matplotlib.font_manager] findfont: score(<Font 'FZFangSong-Z02' (FZFS_GBK.ttf) normal normal 400 normal>) = 10.335
[2026-06-18 09:25:45] [DEBUG] [matplotlib.font_manager] findfont: score(<Font 'Ink Free' (Inkfree.ttf) normal normal 400 normal>) = 10.335
[2026-06-18 09:25:45] [DEBUG] [matplotlib.font_manager] findfont: score(<Font 'FZShuTi' (FZSTK.TTF) normal normal 400 normal>) = 10.335
[2026-06-18 09:25:45] [DEBUG] [matplotlib.font_manager] findfont: score(<Font 'Mongolian Baiti' (monbaiti.ttf) normal normal 400 normal>) = 10.335
[2026-06-18 09:25:45] [DEBUG] [matplotlib.font_manager] findfont: score(<Font 'Leelawadee UI' (LeelawUI.ttf) normal normal 400 normal>) = 10.335
[2026-06-18 09:25:45] [DEBUG] [matplotlib.font_manager] findfont: score(<Font 'Comic Sans MS' (comici.ttf) italic normal 400 normal>) = 11.335
[2026-06-18 09:25:45] [DEBUG] [matplotlib.font_manager] findfont: score(<Font 'Constantia' (constanb.ttf) normal normal 700 normal>) = 10.05
[2026-06-18 09:25:45] [DEBUG] [matplotlib.font_manager] findfont: score(<Font 'MS Gothic' (msgothic.ttc) normal normal 400 normal>) = 10.335
[2026-06-18 09:25:45] [DEBUG] [matplotlib.font_manager] findfont: score(<Font 'YouYuan' (SIMYOU.TTF) normal normal 400 normal>) = 10.335
[2026-06-18 09:25:45] [DEBUG] [matplotlib.font_manager] findfont: score(<Font 'Calibri' (calibrili.ttf) italic normal 300 normal>) = 11.43
[2026-06-18 09:25:45] [DEBUG] [matplotlib.font_manager] findfont: score(<Font 'HYZhongYuanB5' (HYZYB5.ttf) normal normal 400 normal>) = 10.335
[2026-06-18 09:25:45] [DEBUG] [matplotlib.font_manager] findfont: score(<Font 'Yu Gothic' (YuGothL.ttc) normal normal 300 normal>) = 10.43
[2026-06-18 09:25:45] [DEBUG] [matplotlib.font_manager] findfont: score(<Font 'STFangsong' (STFANGSO.TTF) normal normal 400 normal>) = 10.335
[2026-06-18 09:25:45] [DEBUG] [matplotlib.font_manager] findfont: score(<Font 'Ebrima' (ebrimabd.ttf) normal normal 700 normal>) = 10.05
[2026-06-18 09:25:45] [DEBUG] [matplotlib.font_manager] findfont: score(<Font 'FontAwesome' (fontawesome4-webfont-4.7.ttf) normal normal 400 normal>) = 10.335
[2026-06-18 09:25:45] [DEBUG] [matplotlib.font_manager] findfont: score(<Font 'Bahnschrift' (bahnschrift.ttf) normal normal 400 normal>) = 10.335
[2026-06-18 09:25:45] [DEBUG] [matplotlib.font_manager] findfont: score(<Font 'Myanmar Text' (mmrtext.ttf) normal normal 400 normal>) = 10.335
[2026-06-18 09:25:45] [DEBUG] [matplotlib.font_manager] findfont: score(<Font 'Material Design Icons' (materialdesignicons6-webfont-6.9.96.ttf) normal normal 400 normal>) = 10.335
[2026-06-18 09:25:45] [DEBUG] [matplotlib.font_manager] findfont: score(<Font 'STHupo' (STHUPO.TTF) normal normal 400 normal>) = 10.335
[2026-06-18 09:25:45] [DEBUG] [matplotlib.font_manager] findfont: score(<Font 'Microsoft Tai Le' (taile.ttf) normal normal 400 normal>) = 10.335
[2026-06-18 09:25:45] [DEBUG] [matplotlib.font_manager] findfont: score(<Font 'Constantia' (constan.ttf) normal normal 400 normal>) = 10.335
[2026-06-18 09:25:45] [DEBUG] [matplotlib.font_manager] findfont: score(<Font 'Cambria' (cambriaz.ttf) italic normal 700 normal>) = 11.05
[2026-06-18 09:25:45] [DEBUG] [matplotlib.font_manager] findfont: score(<Font 'Leelawadee' (LEELAWAD.TTF) normal normal 400 normal>) = 10.335
[2026-06-18 09:25:45] [DEBUG] [matplotlib.font_manager] findfont: score(<Font 'Trebuchet MS' (trebucbi.ttf) italic normal 700 normal>) = 11.05
[2026-06-18 09:25:45] [DEBUG] [matplotlib.font_manager] findfont: score(<Font 'Nirmala UI' (NirmalaB.ttf) normal normal 700 normal>) = 10.05
[2026-06-18 09:25:45] [DEBUG] [matplotlib.font_manager] findfont: score(<Font 'Nirmala UI' (NirmalaS.ttf) normal normal 350 normal>) = 10.3825
[2026-06-18 09:25:45] [DEBUG] [matplotlib.font_manager] findfont: score(<Font 'Courier New' (cour.ttf) normal normal 400 normal>) = 10.335
[2026-06-18 09:25:45] [DEBUG] [matplotlib.font_manager] findfont: score(<Font 'Impact' (impact.ttf) normal normal 400 normal>) = 10.335
[2026-06-18 09:25:45] [DEBUG] [matplotlib.font_manager] findfont: score(<Font 'Verdana' (verdanaz.ttf) italic normal 700 normal>) = 11.05
[2026-06-18 09:25:45] [DEBUG] [matplotlib.font_manager] findfont: score(<Font 'Times New Roman' (timesbd.ttf) normal normal 700 normal>) = 10.05
[2026-06-18 09:25:45] [DEBUG] [matplotlib.font_manager] findfont: score(<Font 'Verdana' (verdanab.ttf) normal normal 700 normal>) = 10.05
[2026-06-18 09:25:45] [DEBUG] [matplotlib.font_manager] findfont: score(<Font 'Segoe UI' (seguisb.ttf) normal normal 600 normal>) = 10.145
[2026-06-18 09:25:45] [DEBUG] [matplotlib.font_manager] findfont: score(<Font 'Calibri' (calibril.ttf) normal normal 300 normal>) = 10.43
[2026-06-18 09:25:45] [DEBUG] [matplotlib.font_manager] findfont: score(<Font 'Palatino Linotype' (pala.ttf) normal normal 400 normal>) = 10.335
[2026-06-18 09:25:45] [DEBUG] [matplotlib.font_manager] findfont: score(<Font 'STCaiyun' (STCAIYUN.TTF) normal normal 400 normal>) = 10.335
[2026-06-18 09:25:45] [DEBUG] [matplotlib.font_manager] findfont: score(<Font 'GWZT-EN' (GWZT-EN.ttf) normal normal 400 normal>) = 10.335
[2026-06-18 09:25:45] [DEBUG] [matplotlib.font_manager] findfont: score(<Font 'Arial Unicode MS' (ARIALUNI.TTF) normal normal 400 normal>) = 10.335
[2026-06-18 09:25:45] [DEBUG] [matplotlib.font_manager] findfont: score(<Font 'Cambria' (cambria.ttc) normal normal 400 normal>) = 10.335
[2026-06-18 09:25:45] [DEBUG] [matplotlib.font_manager] findfont: score(<Font 'Segoe UI' (seguibli.ttf) italic normal 900 normal>) = 11.24
[2026-06-18 09:25:45] [DEBUG] [matplotlib.font_manager] findfont: score(<Font 'Yu Gothic' (YuGothM.ttc) normal normal 500 normal>) = 10.24
[2026-06-18 09:25:45] [DEBUG] [matplotlib.font_manager] findfont: score(<Font 'STKaiti' (STKAITI.TTF) normal normal 400 normal>) = 10.335
[2026-06-18 09:25:45] [DEBUG] [matplotlib.font_manager] findfont: score(<Font 'Wingdings 3' (WINGDNG3.TTF) normal normal 400 normal>) = 10.335
[2026-06-18 09:25:45] [DEBUG] [matplotlib.font_manager] findfont: score(<Font 'remixicon' (remixicon-2.5.0.ttf) normal normal 400 normal>) = 10.335
[2026-06-18 09:25:45] [DEBUG] [matplotlib.font_manager] findfont: score(<Font 'Corbel' (corbel.ttf) normal normal 400 normal>) = 10.335
[2026-06-18 09:25:45] [DEBUG] [matplotlib.font_manager] findfont: score(<Font 'Font Awesome 5 Free Regular' (fontawesome5-regular-webfont-5.15.4.ttf) normal normal 400 normal>) = 10.335
[2026-06-18 09:25:45] [DEBUG] [matplotlib.font_manager] findfont: score(<Font 'Courier New' (couri.ttf) italic normal 400 normal>) = 11.335
[2026-06-18 09:25:45] [DEBUG] [matplotlib.font_manager] findfont: score(<Font 'Cascadia Code' (CascadiaCode.ttf) normal normal 400 normal>) = 10.335
[2026-06-18 09:25:45] [DEBUG] [matplotlib.font_manager] findfont: score(<Font 'Segoe UI' (segoeuisl.ttf) normal normal 350 normal>) = 10.3825
[2026-06-18 09:25:45] [DEBUG] [matplotlib.font_manager] findfont: score(<Font 'Lucida Console' (lucon.ttf) normal normal 400 normal>) = 10.335
[2026-06-18 09:25:45] [DEBUG] [matplotlib.font_manager] findfont: score(<Font 'Cascadia Mono' (CascadiaMono.ttf) normal normal 400 normal>) = 10.335
[2026-06-18 09:25:45] [DEBUG] [matplotlib.font_manager] findfont: score(<Font 'Arial' (arialbd.ttf) normal normal 700 normal>) = 10.05
[2026-06-18 09:25:45] [DEBUG] [matplotlib.font_manager] findfont: score(<Font 'Segoe UI Symbol' (seguisym.ttf) normal normal 400 normal>) = 10.335
[2026-06-18 09:25:45] [DEBUG] [matplotlib.font_manager] findfont: score(<Font 'Sylfaen' (sylfaen.ttf) normal normal 400 normal>) = 10.335
[2026-06-18 09:25:45] [DEBUG] [matplotlib.font_manager] findfont: score(<Font 'Candara' (Candarai.ttf) italic normal 400 normal>) = 11.335
[2026-06-18 09:25:45] [DEBUG] [matplotlib.font_manager] findfont: score(<Font 'Arial' (ariblk.ttf) normal normal 900 normal>) = 10.24
[2026-06-18 09:25:45] [DEBUG] [matplotlib.font_manager] findfont: score(<Font 'elusiveicons' (elusiveicons-webfont-2.0.ttf) normal normal 500 normal>) = 10.24
[2026-06-18 09:25:45] [DEBUG] [matplotlib.font_manager] findfont: score(<Font '????' (语文格子.ttf) normal normal 400 normal>) = 10.335
[2026-06-18 09:25:45] [DEBUG] [matplotlib.font_manager] findfont: score(<Font 'Gadugi' (gadugib.ttf) normal normal 700 normal>) = 10.05
[2026-06-18 09:25:45] [DEBUG] [matplotlib.font_manager] findfont: score(<Font 'Times New Roman' (timesi.ttf) italic normal 400 normal>) = 11.335
[2026-06-18 09:25:45] [DEBUG] [matplotlib.font_manager] findfont: score(<Font 'Leelawadee UI' (LeelUIsl.ttf) normal normal 350 normal>) = 10.3825
[2026-06-18 09:25:45] [DEBUG] [matplotlib.font_manager] findfont: score(<Font 'Segoe UI' (segoeuiz.ttf) italic normal 700 normal>) = 11.05
[2026-06-18 09:25:45] [DEBUG] [matplotlib.font_manager] findfont: score(<Font 'Segoe UI' (seguibl.ttf) normal normal 900 normal>) = 10.24
[2026-06-18 09:25:45] [DEBUG] [matplotlib.font_manager] findfont: score(<Font 'Palatino Linotype' (palai.ttf) italic normal 400 normal>) = 11.335
[2026-06-18 09:25:45] [DEBUG] [matplotlib.font_manager] findfont: score(<Font 'Palatino Linotype' (palabi.ttf) italic normal 700 normal>) = 11.05
[2026-06-18 09:25:45] [DEBUG] [matplotlib.font_manager] findfont: score(<Font 'Sitka Small' (Sitka.ttc) normal normal 400 normal>) = 10.335
[2026-06-18 09:25:45] [DEBUG] [matplotlib.font_manager] findfont: score(<Font 'Webdings' (webdings.ttf) normal normal 400 normal>) = 10.335
[2026-06-18 09:25:45] [DEBUG] [matplotlib.font_manager] findfont: score(<Font 'SimSun-ExtG' (SimsunExtG.ttf) normal normal 400 normal>) = 10.335
[2026-06-18 09:25:45] [DEBUG] [matplotlib.font_manager] findfont: score(<Font 'DengXian' (Deng.ttf) normal normal 400 normal>) = 10.335
[2026-06-18 09:25:45] [DEBUG] [matplotlib.font_manager] findfont: score(<Font 'Corbel' (corbeli.ttf) italic normal 400 normal>) = 11.335
[2026-06-18 09:25:45] [DEBUG] [matplotlib.font_manager] findfont: score(<Font 'Consolas' (consolai.ttf) italic normal 400 normal>) = 11.335
[2026-06-18 09:25:45] [DEBUG] [matplotlib.font_manager] findfont: score(<Font 'Font Awesome 5 Free Solid' (fontawesome5-solid-webfont-5.15.4.ttf) normal normal 900 normal>) = 10.24
[2026-06-18 09:25:45] [DEBUG] [matplotlib.font_manager] findfont: score(<Font 'MingLiU-ExtB' (mingliub.ttc) normal normal 400 normal>) = 10.335
[2026-06-18 09:25:45] [DEBUG] [matplotlib.font_manager] findfont: score(<Font 'Times New Roman' (times.ttf) normal normal 400 normal>) = 10.335
[2026-06-18 09:25:45] [DEBUG] [matplotlib.font_manager] findfont: score(<Font 'Segoe Script' (segoesc.ttf) normal normal 400 normal>) = 10.335
[2026-06-18 09:25:45] [DEBUG] [matplotlib.font_manager] findfont: score(<Font 'Calibri' (calibriz.ttf) italic normal 700 normal>) = 11.05
[2026-06-18 09:25:45] [DEBUG] [matplotlib.font_manager] findfont: score(<Font 'Ebrima' (ebrima.ttf) normal normal 400 normal>) = 10.335
[2026-06-18 09:25:45] [DEBUG] [matplotlib.font_manager] findfont: score(<Font 'Comic Sans MS' (comicz.ttf) italic normal 700 normal>) = 11.05
[2026-06-18 09:25:45] [DEBUG] [matplotlib.font_manager] findfont: score(<Font 'Segoe UI Emoji' (seguiemj.ttf) normal normal 400 normal>) = 10.335
[2026-06-18 09:25:45] [DEBUG] [matplotlib.font_manager] findfont: score(<Font 'Trebuchet MS' (trebucbd.ttf) normal normal 700 normal>) = 10.05
[2026-06-18 09:25:45] [DEBUG] [matplotlib.font_manager] findfont: score(<Font 'STXingkai' (STXINGKA.TTF) normal normal 400 normal>) = 10.335
[2026-06-18 09:25:45] [DEBUG] [matplotlib.font_manager] findfont: score(<Font 'LiSu' (SIMLI.TTF) normal normal 400 normal>) = 10.335
[2026-06-18 09:25:45] [DEBUG] [matplotlib.font_manager] findfont: score(<Font 'Constantia' (constanz.ttf) italic normal 700 normal>) = 11.05
[2026-06-18 09:25:45] [DEBUG] [matplotlib.font_manager] findfont: score(<Font 'Microsoft JhengHei' (msjh.ttc) normal normal 400 normal>) = 10.335
[2026-06-18 09:25:45] [DEBUG] [matplotlib.font_manager] findfont: score(<Font 'Arial' (ariali.ttf) italic normal 400 normal>) = 11.335
[2026-06-18 09:25:45] [DEBUG] [matplotlib.font_manager] findfont: score(<Font 'Courier New' (courbd.ttf) normal normal 700 normal>) = 10.05
[2026-06-18 09:25:45] [DEBUG] [matplotlib.font_manager] findfont: score(<Font 'Malgun Gothic' (malgunsl.ttf) normal normal 300 normal>) = 10.43
[2026-06-18 09:25:45] [DEBUG] [matplotlib.font_manager] findfont: score(<Font 'Wingdings' (wingding.ttf) normal normal 400 normal>) = 10.335
[2026-06-18 09:25:45] [DEBUG] [matplotlib.font_manager] findfont: score(<Font 'Segoe UI' (seguili.ttf) italic normal 300 normal>) = 11.43
[2026-06-18 09:25:45] [DEBUG] [matplotlib.font_manager] findfont: score(<Font 'Tahoma' (tahoma.ttf) normal normal 400 normal>) = 10.335
[2026-06-18 09:25:45] [DEBUG] [matplotlib.font_manager] findfont: score(<Font 'Font Awesome 5 Brands' (fontawesome5-brands-webfont-5.15.4.ttf) normal normal 400 normal>) = 10.335
[2026-06-18 09:25:45] [DEBUG] [matplotlib.font_manager] findfont: score(<Font 'MT Extra' (mtextra.ttf) normal normal 400 normal>) = 10.335
[2026-06-18 09:25:45] [DEBUG] [matplotlib.font_manager] findfont: score(<Font 'Cambria' (cambriab.ttf) normal normal 700 normal>) = 10.05
[2026-06-18 09:25:45] [DEBUG] [matplotlib.font_manager] findfont: score(<Font 'Microsoft JhengHei' (msjhbd.ttc) normal normal 700 normal>) = 10.05
[2026-06-18 09:25:45] [DEBUG] [matplotlib.font_manager] findfont: score(<Font 'Malgun Gothic' (malgunbd.ttf) normal normal 700 normal>) = 10.05
[2026-06-18 09:25:45] [DEBUG] [matplotlib.font_manager] findfont: score(<Font 'Lucida Sans Unicode' (l_10646.ttf) normal normal 400 normal>) = 10.335
[2026-06-18 09:25:45] [DEBUG] [matplotlib.font_manager] findfont: score(<Font 'Microsoft YaHei' (msyhbd.ttc) normal normal 700 normal>) = 10.05
[2026-06-18 09:25:45] [DEBUG] [matplotlib.font_manager] findfont: score(<Font 'Microsoft Yi Baiti' (msyi.ttf) normal normal 400 normal>) = 10.335
[2026-06-18 09:25:45] [DEBUG] [matplotlib.font_manager] findfont: score(<Font 'Segoe UI' (segoeuii.ttf) italic normal 400 normal>) = 11.335
[2026-06-18 09:25:45] [DEBUG] [matplotlib.font_manager] findfont: score(<Font 'SimSun' (simsun.ttc) normal normal 400 normal>) = 10.335
[2026-06-18 09:25:45] [DEBUG] [matplotlib.font_manager] findfont: score(<Font '????' (不坑盒子.ttf) normal normal 400 normal>) = 10.335
[2026-06-18 09:25:45] [DEBUG] [matplotlib.font_manager] findfont: score(<Font 'Candara' (Candara.ttf) normal normal 400 normal>) = 10.335
[2026-06-18 09:25:45] [DEBUG] [matplotlib.font_manager] findfont: score(<Font 'Candara' (Candarali.ttf) italic normal 400 normal>) = 11.335
[2026-06-18 09:25:45] [DEBUG] [matplotlib.font_manager] findfont: Matching sans\-serif:style=normal:variant=normal:weight=bold:stretch=normal:size=12.0 to SimHei ('C:\\Windows\\Fonts\\simhei.ttf') with score of 0.335000.
[2026-06-18 09:25:46] [DEBUG] [paramiko.transport] [chan 18] Max packet in: 32768 bytes
[2026-06-18 09:25:46] [DEBUG] [paramiko.transport] [chan 18] Max packet out: 32768 bytes
[2026-06-18 09:25:46] [DEBUG] [paramiko.transport] Secsh channel 18 opened.
[2026-06-18 09:25:46] [DEBUG] [paramiko.transport] [chan 18] Sesch channel 18 request ok
[2026-06-18 09:25:46] [DEBUG] [paramiko.transport] [chan 18] EOF received (18)
[2026-06-18 09:25:46] [DEBUG] [paramiko.transport] [chan 18] EOF sent (18)
[2026-06-18 09:25:46] [DEBUG] [paramiko.transport] [chan 19] Max packet in: 32768 bytes
[2026-06-18 09:25:46] [DEBUG] [paramiko.transport] [chan 19] Max packet out: 32768 bytes
[2026-06-18 09:25:46] [DEBUG] [paramiko.transport] Secsh channel 19 opened.
[2026-06-18 09:25:46] [DEBUG] [paramiko.transport] [chan 19] Sesch channel 19 request ok
[2026-06-18 09:25:46] [DEBUG] [paramiko.transport] [chan 19] EOF received (19)
[2026-06-18 09:25:46] [DEBUG] [paramiko.transport] [chan 19] EOF sent (19)
[2026-06-18 09:25:46] [DEBUG] [paramiko.transport] Sending global request "keepalive@lag.net"
[2026-06-18 09:25:46] [DEBUG] [paramiko.transport] Sending global request "keepalive@lag.net"
[2026-06-18 09:25:47] [DEBUG] [paramiko.transport] [chan 20] Max packet in: 32768 bytes
[2026-06-18 09:25:47] [DEBUG] [paramiko.transport] [chan 20] Max packet out: 32768 bytes
[2026-06-18 09:25:47] [DEBUG] [paramiko.transport] Secsh channel 20 opened.
[2026-06-18 09:25:47] [DEBUG] [paramiko.transport] [chan 20] Sesch channel 20 request ok
[2026-06-18 09:25:47] [DEBUG] [paramiko.transport] [chan 20] EOF received (20)
[2026-06-18 09:25:47] [DEBUG] [paramiko.transport] [chan 20] EOF sent (20)
[2026-06-18 09:25:47] [DEBUG] [paramiko.transport] [chan 21] Max packet in: 32768 bytes
[2026-06-18 09:25:47] [DEBUG] [paramiko.transport] [chan 21] Max packet out: 32768 bytes
[2026-06-18 09:25:47] [DEBUG] [paramiko.transport] Secsh channel 21 opened.
[2026-06-18 09:25:47] [DEBUG] [paramiko.transport] [chan 21] Sesch channel 21 request ok
[2026-06-18 09:25:47] [DEBUG] [paramiko.transport] [chan 21] EOF received (21)
[2026-06-18 09:25:47] [DEBUG] [paramiko.transport] [chan 21] EOF sent (21)
[2026-06-18 09:25:48] [DEBUG] [paramiko.transport] [chan 22] Max packet in: 32768 bytes
[2026-06-18 09:25:48] [DEBUG] [paramiko.transport] [chan 22] Max packet out: 32768 bytes
[2026-06-18 09:25:48] [DEBUG] [paramiko.transport] Secsh channel 22 opened.
[2026-06-18 09:25:48] [DEBUG] [paramiko.transport] [chan 22] Sesch channel 22 request ok
[2026-06-18 09:25:48] [DEBUG] [paramiko.transport] [chan 22] EOF received (22)
[2026-06-18 09:25:48] [DEBUG] [paramiko.transport] [chan 22] EOF sent (22)
[2026-06-18 09:25:48] [DEBUG] [paramiko.transport] [chan 23] Max packet in: 32768 bytes
[2026-06-18 09:25:48] [DEBUG] [paramiko.transport] [chan 23] Max packet out: 32768 bytes
[2026-06-18 09:25:48] [DEBUG] [paramiko.transport] Secsh channel 23 opened.
[2026-06-18 09:25:48] [DEBUG] [paramiko.transport] [chan 23] Sesch channel 23 request ok
[2026-06-18 09:25:48] [DEBUG] [paramiko.transport] [chan 23] EOF received (23)
[2026-06-18 09:25:48] [DEBUG] [paramiko.transport] [chan 23] EOF sent (23)
[2026-06-18 09:25:51] [DEBUG] [paramiko.transport] Sending global request "keepalive@lag.net"
[2026-06-18 09:25:51] [DEBUG] [paramiko.transport] Sending global request "keepalive@lag.net"
[2026-06-18 09:25:51] [DEBUG] [paramiko.transport] EOF in transport thread
[2026-06-18 09:25:51] [DEBUG] [paramiko.transport] EOF in transport thread
[2026-06-18 09:25:51] [DEBUG] [paramiko.transport] EOF in transport thread
[2026-06-18 14:36:59] [INFO] [MainWindow] 文件日志已开启
[2026-06-18 14:36:59] [INFO] [MainWindow] 存在默认配置文件，开始添加服务器和快捷按钮
[2026-06-18 14:36:59] [INFO] [MainWindow] 批量添加服务器 成功，来自D:/Users/xingq.FHC-DOMAIN/Desktop/projects/OneClick/config.json
[2026-06-18 14:36:59] [INFO] [MainWindow] 批量添加快捷按钮 成功，来自D:/Users/xingq.FHC-DOMAIN/Desktop/projects/OneClick/config.json
[2026-06-18 14:36:59] [INFO] [MainWindow] OneClick 启动成功
[2026-06-18 14:37:28] [INFO] [MainWindow] 文件日志已开启
[2026-06-18 14:37:43] [WARNING] [MainWindow] 请输入指令内容
[2026-06-18 14:37:44] [INFO] [MainWindow] <发送命令>|<发送命令：192.168.198.2>快捷按钮创建成功
[2026-06-18 14:37:48] [INFO] [MainWindow] 已保存配置到D:\Users\xingq.FHC-DOMAIN\Desktop\projects\OneClick\config.json
[2026-06-18 14:38:11] [INFO] [MainWindow] 文件日志已开启
[2026-06-18 14:38:11] [INFO] [MainWindow] 存在默认配置文件，开始添加服务器和快捷按钮
[2026-06-18 14:38:11] [INFO] [MainWindow] 批量添加服务器 成功，来自D:/Users/xingq.FHC-DOMAIN/Desktop/projects/OneClick/config.json
[2026-06-18 14:38:11] [INFO] [MainWindow] 批量添加快捷按钮 成功，来自D:/Users/xingq.FHC-DOMAIN/Desktop/projects/OneClick/config.json
[2026-06-18 14:38:11] [INFO] [MainWindow] OneClick 启动成功
[2026-06-18 14:39:06] [INFO] [MainWindow] ssh连接失败: [Errno None] Unable to connect to port 22 on 192.168.198.2
[2026-06-18 14:39:15] [INFO] [paramiko.transport] Connected (version 2.0, client OpenSSH_7.4)
[2026-06-18 14:39:15] [INFO] [paramiko.transport] Authentication (publickey) failed.
[2026-06-18 14:39:15] [INFO] [paramiko.transport] Authentication (publickey) failed.
[2026-06-18 14:39:15] [INFO] [paramiko.transport] Authentication (password) successful!
[2026-06-18 14:39:15] [INFO] [MainWindow] ssh连接成功
[2026-06-18 14:39:34] [INFO] [MainWindow] 指令发送成功：pwd
[2026-06-18 14:39:50] [INFO] [MainWindow] ssh断开成功
[2026-06-18 14:40:10] [INFO] [MainWindow] 文件日志已开启
[2026-06-18 14:40:10] [INFO] [MainWindow] 存在默认配置文件，开始添加服务器和快捷按钮
[2026-06-18 14:40:10] [INFO] [MainWindow] 批量添加服务器 成功，来自D:/Users/xingq.FHC-DOMAIN/Desktop/projects/OneClick/config.json
[2026-06-18 14:40:10] [INFO] [MainWindow] 批量添加快捷按钮 成功，来自D:/Users/xingq.FHC-DOMAIN/Desktop/projects/OneClick/config.json
[2026-06-18 14:40:10] [INFO] [MainWindow] OneClick 启动成功
[2026-06-18 14:40:15] [DEBUG] [paramiko.transport] starting thread (client mode): 0x44a40cd0
[2026-06-18 14:40:15] [DEBUG] [paramiko.transport] Local version/idstring: SSH-2.0-paramiko_2.10.4
[2026-06-18 14:40:15] [DEBUG] [paramiko.transport] Remote version/idstring: SSH-2.0-OpenSSH_7.4
[2026-06-18 14:40:15] [INFO] [paramiko.transport] Connected (version 2.0, client OpenSSH_7.4)
[2026-06-18 14:40:15] [DEBUG] [paramiko.transport] === Key exchange possibilities ===
[2026-06-18 14:40:15] [DEBUG] [paramiko.transport] kex algos: diffie-hellman-group14-sha1, diffie-hellman-group14-sha256, ecdh-sha2-nistp256, curve25519-sha256
[2026-06-18 14:40:15] [DEBUG] [paramiko.transport] server key: ssh-rsa, rsa-sha2-512, rsa-sha2-256, ecdsa-sha2-nistp256, ssh-ed25519
[2026-06-18 14:40:15] [DEBUG] [paramiko.transport] client encrypt: aes256-ctr, aes192-ctr, aes128-ctr
[2026-06-18 14:40:15] [DEBUG] [paramiko.transport] server encrypt: aes256-ctr, aes192-ctr, aes128-ctr
[2026-06-18 14:40:15] [DEBUG] [paramiko.transport] client mac: hmac-sha2-512, hmac-sha2-256
[2026-06-18 14:40:15] [DEBUG] [paramiko.transport] server mac: hmac-sha2-512, hmac-sha2-256
[2026-06-18 14:40:15] [DEBUG] [paramiko.transport] client compress: none, zlib@openssh.com
[2026-06-18 14:40:15] [DEBUG] [paramiko.transport] server compress: none, zlib@openssh.com
[2026-06-18 14:40:15] [DEBUG] [paramiko.transport] client lang: <none>
[2026-06-18 14:40:15] [DEBUG] [paramiko.transport] server lang: <none>
[2026-06-18 14:40:15] [DEBUG] [paramiko.transport] kex follows: False
[2026-06-18 14:40:15] [DEBUG] [paramiko.transport] === Key exchange agreements ===
[2026-06-18 14:40:15] [DEBUG] [paramiko.transport] Kex: ecdh-sha2-nistp256
[2026-06-18 14:40:15] [DEBUG] [paramiko.transport] HostKey: ssh-ed25519
[2026-06-18 14:40:15] [DEBUG] [paramiko.transport] Cipher: aes128-ctr
[2026-06-18 14:40:15] [DEBUG] [paramiko.transport] MAC: hmac-sha2-256
[2026-06-18 14:40:15] [DEBUG] [paramiko.transport] Compression: none
[2026-06-18 14:40:15] [DEBUG] [paramiko.transport] === End of kex handshake ===
[2026-06-18 14:40:15] [DEBUG] [paramiko.transport] kex engine KexNistp256 specified hash_algo <built-in function openssl_sha256>
[2026-06-18 14:40:15] [DEBUG] [paramiko.transport] Switch to new keys ...
[2026-06-18 14:40:15] [DEBUG] [paramiko.transport] Adding ssh-ed25519 host key for [192.168.198.2]:22: b'24ad618db0129188fcbb64a5c8d08aec'
[2026-06-18 14:40:15] [DEBUG] [paramiko.transport] Got EXT_INFO: {'server-sig-algs': b'rsa-sha2-256,rsa-sha2-512'}
[2026-06-18 14:40:15] [DEBUG] [paramiko.transport] Trying discovered key b'5cd4e8f108050ee4f6cfed98a16476db' in C:\Users\xingq.FHC-DOMAIN/.ssh/id_rsa
[2026-06-18 14:40:15] [DEBUG] [paramiko.transport] userauth is OK
[2026-06-18 14:40:15] [DEBUG] [paramiko.transport] Finalizing pubkey algorithm for key of type 'ssh-rsa'
[2026-06-18 14:40:15] [DEBUG] [paramiko.transport] Our pubkey algorithm list: ['rsa-sha2-512', 'rsa-sha2-256', 'ssh-rsa']
[2026-06-18 14:40:15] [DEBUG] [paramiko.transport] Server-side algorithm list: ['rsa-sha2-256', 'rsa-sha2-512']
[2026-06-18 14:40:15] [DEBUG] [paramiko.transport] Agreed upon 'rsa-sha2-512' pubkey algorithm
[2026-06-18 14:40:15] [INFO] [paramiko.transport] Authentication (publickey) failed.
[2026-06-18 14:40:15] [DEBUG] [paramiko.transport] Trying discovered key b'91928894cb1650bf60207672151d07d0' in C:\Users\xingq.FHC-DOMAIN/.ssh/id_ed25519
[2026-06-18 14:40:15] [DEBUG] [paramiko.transport] userauth is OK
[2026-06-18 14:40:15] [INFO] [paramiko.transport] Authentication (publickey) failed.
[2026-06-18 14:40:15] [DEBUG] [paramiko.transport] userauth is OK
[2026-06-18 14:40:15] [INFO] [paramiko.transport] Authentication (password) successful!
[2026-06-18 14:40:15] [DEBUG] [paramiko.transport] [chan 0] Max packet in: 32768 bytes
[2026-06-18 14:40:15] [DEBUG] [paramiko.transport] Received global request "hostkeys-00@openssh.com"
[2026-06-18 14:40:15] [DEBUG] [paramiko.transport] Rejecting "hostkeys-00@openssh.com" global request from server.
[2026-06-18 14:40:16] [DEBUG] [paramiko.transport] [chan 0] Max packet out: 32768 bytes
[2026-06-18 14:40:16] [DEBUG] [paramiko.transport] Secsh channel 0 opened.
[2026-06-18 14:40:16] [DEBUG] [paramiko.transport] [chan 0] Sesch channel 0 request ok
[2026-06-18 14:40:16] [DEBUG] [paramiko.transport] [chan 0] Sesch channel 0 request ok
[2026-06-18 14:40:16] [DEBUG] [paramiko.transport] [chan 1] Max packet in: 32768 bytes
[2026-06-18 14:40:16] [INFO] [MainWindow] ssh连接成功
[2026-06-18 14:40:16] [DEBUG] [paramiko.transport] [chan 1] Max packet out: 32768 bytes
[2026-06-18 14:40:16] [DEBUG] [paramiko.transport] Secsh channel 1 opened.
[2026-06-18 14:40:16] [DEBUG] [paramiko.transport] [chan 1] Sesch channel 1 request ok
[2026-06-18 14:40:16] [DEBUG] [paramiko.transport] [chan 1] EOF received (1)
[2026-06-18 14:40:16] [DEBUG] [paramiko.transport] [chan 1] EOF sent (1)
[2026-06-18 14:40:16] [DEBUG] [paramiko.transport] [chan 2] Max packet in: 32768 bytes
[2026-06-18 14:40:16] [DEBUG] [paramiko.transport] [chan 2] Max packet out: 32768 bytes
[2026-06-18 14:40:16] [DEBUG] [paramiko.transport] Secsh channel 2 opened.
[2026-06-18 14:40:16] [DEBUG] [paramiko.transport] [chan 2] Sesch channel 2 request ok
[2026-06-18 14:40:16] [DEBUG] [paramiko.transport] [chan 2] EOF received (2)
[2026-06-18 14:40:16] [DEBUG] [paramiko.transport] [chan 2] EOF sent (2)
[2026-06-18 14:40:16] [DEBUG] [paramiko.transport] [chan 3] Max packet in: 32768 bytes
[2026-06-18 14:40:16] [DEBUG] [paramiko.transport] [chan 3] Max packet out: 32768 bytes
[2026-06-18 14:40:16] [DEBUG] [paramiko.transport] Secsh channel 3 opened.
[2026-06-18 14:40:16] [DEBUG] [paramiko.transport] [chan 3] Sesch channel 3 request ok
[2026-06-18 14:40:16] [DEBUG] [paramiko.transport] [chan 3] EOF received (3)
[2026-06-18 14:40:16] [DEBUG] [paramiko.transport] [chan 3] EOF sent (3)
[2026-06-18 14:40:16] [DEBUG] [paramiko.transport] [chan 4] Max packet in: 32768 bytes
[2026-06-18 14:40:16] [DEBUG] [paramiko.transport] [chan 4] Max packet out: 32768 bytes
[2026-06-18 14:40:16] [DEBUG] [paramiko.transport] Secsh channel 4 opened.
[2026-06-18 14:40:16] [DEBUG] [paramiko.transport] [chan 4] Sesch channel 4 request ok
[2026-06-18 14:40:16] [DEBUG] [paramiko.transport] [chan 4] EOF received (4)
[2026-06-18 14:40:16] [DEBUG] [paramiko.transport] [chan 4] EOF sent (4)
[2026-06-18 14:40:16] [DEBUG] [paramiko.transport] [chan 5] Max packet in: 32768 bytes
[2026-06-18 14:40:16] [DEBUG] [paramiko.transport] [chan 5] Max packet out: 32768 bytes
[2026-06-18 14:40:16] [DEBUG] [paramiko.transport] Secsh channel 5 opened.
[2026-06-18 14:40:16] [DEBUG] [paramiko.transport] [chan 5] Sesch channel 5 request ok
[2026-06-18 14:40:16] [DEBUG] [paramiko.transport] [chan 5] EOF received (5)
[2026-06-18 14:40:16] [DEBUG] [paramiko.transport] [chan 5] EOF sent (5)
[2026-06-18 14:40:16] [DEBUG] [paramiko.transport] [chan 6] Max packet in: 32768 bytes
[2026-06-18 14:40:16] [DEBUG] [paramiko.transport] [chan 6] Max packet out: 32768 bytes
[2026-06-18 14:40:16] [DEBUG] [paramiko.transport] Secsh channel 6 opened.
[2026-06-18 14:40:16] [DEBUG] [paramiko.transport] [chan 6] Sesch channel 6 request ok
[2026-06-18 14:40:16] [DEBUG] [paramiko.transport] [chan 6] EOF received (6)
[2026-06-18 14:40:16] [DEBUG] [paramiko.transport] [chan 6] EOF sent (6)
[2026-06-18 14:40:16] [DEBUG] [paramiko.transport] [chan 7] Max packet in: 32768 bytes
[2026-06-18 14:40:16] [DEBUG] [paramiko.transport] [chan 7] Max packet out: 32768 bytes
[2026-06-18 14:40:16] [DEBUG] [paramiko.transport] Secsh channel 7 opened.
[2026-06-18 14:40:16] [DEBUG] [paramiko.transport] [chan 7] Sesch channel 7 request ok
[2026-06-18 14:40:16] [DEBUG] [paramiko.transport] [chan 7] EOF received (7)
[2026-06-18 14:40:16] [DEBUG] [paramiko.transport] [chan 7] EOF sent (7)
[2026-06-18 14:40:16] [DEBUG] [paramiko.transport] [chan 8] Max packet in: 32768 bytes
[2026-06-18 14:40:16] [DEBUG] [paramiko.transport] [chan 8] Max packet out: 32768 bytes
[2026-06-18 14:40:16] [DEBUG] [paramiko.transport] Secsh channel 8 opened.
[2026-06-18 14:40:16] [DEBUG] [paramiko.transport] [chan 8] Sesch channel 8 request ok
[2026-06-18 14:40:16] [DEBUG] [paramiko.transport] [chan 8] EOF received (8)
[2026-06-18 14:40:16] [DEBUG] [paramiko.transport] [chan 8] EOF sent (8)
[2026-06-18 14:40:16] [DEBUG] [paramiko.transport] [chan 9] Max packet in: 32768 bytes
[2026-06-18 14:40:16] [DEBUG] [paramiko.transport] [chan 9] Max packet out: 32768 bytes
[2026-06-18 14:40:16] [DEBUG] [paramiko.transport] Secsh channel 9 opened.
[2026-06-18 14:40:16] [DEBUG] [paramiko.transport] [chan 9] Sesch channel 9 request ok
[2026-06-18 14:40:16] [DEBUG] [paramiko.transport] [chan 9] EOF received (9)
[2026-06-18 14:40:16] [DEBUG] [paramiko.transport] [chan 9] EOF sent (9)
[2026-06-18 14:40:17] [DEBUG] [paramiko.transport] [chan 10] Max packet in: 32768 bytes
[2026-06-18 14:40:17] [DEBUG] [paramiko.transport] [chan 10] Max packet out: 32768 bytes
[2026-06-18 14:40:17] [DEBUG] [paramiko.transport] Secsh channel 10 opened.
[2026-06-18 14:40:17] [DEBUG] [paramiko.transport] [chan 10] Sesch channel 10 request ok
[2026-06-18 14:40:17] [DEBUG] [paramiko.transport] [chan 10] EOF received (10)
[2026-06-18 14:40:17] [DEBUG] [paramiko.transport] [chan 10] EOF sent (10)
[2026-06-18 14:40:17] [DEBUG] [paramiko.transport] [chan 11] Max packet in: 32768 bytes
[2026-06-18 14:40:17] [DEBUG] [paramiko.transport] [chan 11] Max packet out: 32768 bytes
[2026-06-18 14:40:17] [DEBUG] [paramiko.transport] Secsh channel 11 opened.
[2026-06-18 14:40:17] [DEBUG] [paramiko.transport] [chan 11] Sesch channel 11 request ok
[2026-06-18 14:40:17] [DEBUG] [paramiko.transport] [chan 11] EOF received (11)
[2026-06-18 14:40:17] [DEBUG] [paramiko.transport] [chan 11] EOF sent (11)
[2026-06-18 14:40:17] [DEBUG] [paramiko.transport] [chan 12] Max packet in: 32768 bytes
[2026-06-18 14:40:17] [DEBUG] [paramiko.transport] [chan 12] Max packet out: 32768 bytes
[2026-06-18 14:40:17] [DEBUG] [paramiko.transport] Secsh channel 12 opened.
[2026-06-18 14:40:17] [DEBUG] [paramiko.transport] [chan 12] Sesch channel 12 request ok
[2026-06-18 14:40:17] [DEBUG] [paramiko.transport] [chan 12] EOF received (12)
[2026-06-18 14:40:17] [DEBUG] [paramiko.transport] [chan 12] EOF sent (12)
[2026-06-18 14:40:17] [DEBUG] [paramiko.transport] [chan 13] Max packet in: 32768 bytes
[2026-06-18 14:40:17] [DEBUG] [paramiko.transport] [chan 13] Max packet out: 32768 bytes
[2026-06-18 14:40:17] [DEBUG] [paramiko.transport] Secsh channel 13 opened.
[2026-06-18 14:40:17] [DEBUG] [paramiko.transport] [chan 13] Sesch channel 13 request ok
[2026-06-18 14:40:17] [DEBUG] [paramiko.transport] [chan 13] EOF received (13)
[2026-06-18 14:40:17] [DEBUG] [paramiko.transport] [chan 13] EOF sent (13)
[2026-06-18 14:40:17] [DEBUG] [paramiko.transport] [chan 14] Max packet in: 32768 bytes
[2026-06-18 14:40:17] [DEBUG] [paramiko.transport] [chan 14] Max packet out: 32768 bytes
[2026-06-18 14:40:17] [DEBUG] [paramiko.transport] Secsh channel 14 opened.
[2026-06-18 14:40:17] [DEBUG] [paramiko.transport] [chan 14] Sesch channel 14 request ok
[2026-06-18 14:40:17] [DEBUG] [paramiko.transport] [chan 14] EOF received (14)
[2026-06-18 14:40:17] [DEBUG] [paramiko.transport] [chan 14] EOF sent (14)
[2026-06-18 14:40:17] [DEBUG] [paramiko.transport] [chan 15] Max packet in: 32768 bytes
[2026-06-18 14:40:17] [DEBUG] [paramiko.transport] [chan 15] Max packet out: 32768 bytes
[2026-06-18 14:40:17] [DEBUG] [paramiko.transport] Secsh channel 15 opened.
[2026-06-18 14:40:17] [DEBUG] [paramiko.transport] [chan 15] Sesch channel 15 request ok
[2026-06-18 14:40:17] [DEBUG] [paramiko.transport] [chan 15] EOF received (15)
[2026-06-18 14:40:17] [DEBUG] [paramiko.transport] [chan 15] EOF sent (15)
[2026-06-18 14:40:17] [DEBUG] [paramiko.transport] [chan 16] Max packet in: 32768 bytes
[2026-06-18 14:40:17] [DEBUG] [paramiko.transport] [chan 16] Max packet out: 32768 bytes
[2026-06-18 14:40:17] [DEBUG] [paramiko.transport] Secsh channel 16 opened.
[2026-06-18 14:40:17] [DEBUG] [paramiko.transport] [chan 16] Sesch channel 16 request ok
[2026-06-18 14:40:17] [DEBUG] [paramiko.transport] [chan 16] EOF received (16)
[2026-06-18 14:40:17] [DEBUG] [paramiko.transport] [chan 16] EOF sent (16)
[2026-06-18 14:40:17] [DEBUG] [paramiko.transport] [chan 17] Max packet in: 32768 bytes
[2026-06-18 14:40:17] [DEBUG] [paramiko.transport] [chan 17] Max packet out: 32768 bytes
[2026-06-18 14:40:17] [DEBUG] [paramiko.transport] Secsh channel 17 opened.
[2026-06-18 14:40:17] [DEBUG] [paramiko.transport] [chan 17] Sesch channel 17 request ok
[2026-06-18 14:40:17] [DEBUG] [paramiko.transport] [chan 17] EOF received (17)
[2026-06-18 14:40:17] [DEBUG] [paramiko.transport] [chan 17] EOF sent (17)
[2026-06-18 14:40:17] [DEBUG] [paramiko.transport] [chan 18] Max packet in: 32768 bytes
[2026-06-18 14:40:17] [DEBUG] [paramiko.transport] [chan 18] Max packet out: 32768 bytes
[2026-06-18 14:40:17] [DEBUG] [paramiko.transport] Secsh channel 18 opened.
[2026-06-18 14:40:17] [DEBUG] [paramiko.transport] [chan 18] Sesch channel 18 request ok
[2026-06-18 14:40:17] [DEBUG] [paramiko.transport] [chan 18] EOF received (18)
[2026-06-18 14:40:17] [DEBUG] [paramiko.transport] [chan 18] EOF sent (18)
[2026-06-18 14:40:18] [DEBUG] [paramiko.transport] [chan 19] Max packet in: 32768 bytes
[2026-06-18 14:40:18] [DEBUG] [paramiko.transport] [chan 19] Max packet out: 32768 bytes
[2026-06-18 14:40:18] [DEBUG] [paramiko.transport] Secsh channel 19 opened.
[2026-06-18 14:40:18] [DEBUG] [paramiko.transport] [chan 19] Sesch channel 19 request ok
[2026-06-18 14:40:18] [DEBUG] [paramiko.transport] [chan 19] EOF received (19)
[2026-06-18 14:40:18] [DEBUG] [paramiko.transport] [chan 19] EOF sent (19)
[2026-06-18 14:40:18] [DEBUG] [paramiko.transport] [chan 20] Max packet in: 32768 bytes
[2026-06-18 14:40:18] [DEBUG] [paramiko.transport] [chan 20] Max packet out: 32768 bytes
[2026-06-18 14:40:18] [DEBUG] [paramiko.transport] Secsh channel 20 opened.
[2026-06-18 14:40:18] [DEBUG] [paramiko.transport] [chan 20] Sesch channel 20 request ok
[2026-06-18 14:40:18] [DEBUG] [paramiko.transport] [chan 20] EOF received (20)
[2026-06-18 14:40:18] [DEBUG] [paramiko.transport] [chan 20] EOF sent (20)
[2026-06-18 14:40:18] [DEBUG] [paramiko.transport] [chan 21] Max packet in: 32768 bytes
[2026-06-18 14:40:18] [DEBUG] [paramiko.transport] [chan 21] Max packet out: 32768 bytes
[2026-06-18 14:40:18] [DEBUG] [paramiko.transport] Secsh channel 21 opened.
[2026-06-18 14:40:18] [DEBUG] [paramiko.transport] [chan 21] Sesch channel 21 request ok
[2026-06-18 14:40:18] [DEBUG] [paramiko.transport] [chan 21] EOF received (21)
[2026-06-18 14:40:18] [DEBUG] [paramiko.transport] [chan 21] EOF sent (21)
[2026-06-18 14:40:18] [DEBUG] [paramiko.transport] [chan 22] Max packet in: 32768 bytes
[2026-06-18 14:40:18] [DEBUG] [paramiko.transport] [chan 22] Max packet out: 32768 bytes
[2026-06-18 14:40:18] [DEBUG] [paramiko.transport] Secsh channel 22 opened.
[2026-06-18 14:40:18] [DEBUG] [paramiko.transport] [chan 22] Sesch channel 22 request ok
[2026-06-18 14:40:18] [DEBUG] [paramiko.transport] [chan 22] EOF received (22)
[2026-06-18 14:40:18] [DEBUG] [paramiko.transport] [chan 22] EOF sent (22)
[2026-06-18 14:40:18] [DEBUG] [paramiko.transport] [chan 23] Max packet in: 32768 bytes
[2026-06-18 14:40:18] [DEBUG] [paramiko.transport] [chan 23] Max packet out: 32768 bytes
[2026-06-18 14:40:18] [DEBUG] [paramiko.transport] Secsh channel 23 opened.
[2026-06-18 14:40:18] [DEBUG] [paramiko.transport] [chan 23] Sesch channel 23 request ok
[2026-06-18 14:40:18] [DEBUG] [paramiko.transport] [chan 23] EOF received (23)
[2026-06-18 14:40:18] [DEBUG] [paramiko.transport] [chan 23] EOF sent (23)
[2026-06-18 14:40:18] [DEBUG] [paramiko.transport] [chan 24] Max packet in: 32768 bytes
[2026-06-18 14:40:18] [DEBUG] [paramiko.transport] [chan 24] Max packet out: 32768 bytes
[2026-06-18 14:40:18] [DEBUG] [paramiko.transport] Secsh channel 24 opened.
[2026-06-18 14:40:18] [DEBUG] [paramiko.transport] [chan 24] Sesch channel 24 request ok
[2026-06-18 14:40:18] [DEBUG] [paramiko.transport] [chan 24] EOF received (24)
[2026-06-18 14:40:18] [DEBUG] [paramiko.transport] [chan 24] EOF sent (24)
[2026-06-18 14:40:18] [DEBUG] [paramiko.transport] [chan 25] Max packet in: 32768 bytes
[2026-06-18 14:40:18] [DEBUG] [paramiko.transport] [chan 25] Max packet out: 32768 bytes
[2026-06-18 14:40:18] [DEBUG] [paramiko.transport] Secsh channel 25 opened.
[2026-06-18 14:40:18] [DEBUG] [paramiko.transport] [chan 25] Sesch channel 25 request ok
[2026-06-18 14:40:18] [DEBUG] [paramiko.transport] [chan 25] EOF received (25)
[2026-06-18 14:40:18] [DEBUG] [paramiko.transport] [chan 25] EOF sent (25)
[2026-06-18 14:40:18] [DEBUG] [paramiko.transport] [chan 26] Max packet in: 32768 bytes
[2026-06-18 14:40:18] [DEBUG] [paramiko.transport] [chan 26] Max packet out: 32768 bytes
[2026-06-18 14:40:18] [DEBUG] [paramiko.transport] Secsh channel 26 opened.
[2026-06-18 14:40:18] [DEBUG] [paramiko.transport] [chan 26] Sesch channel 26 request ok
[2026-06-18 14:40:18] [DEBUG] [paramiko.transport] [chan 26] EOF received (26)
[2026-06-18 14:40:18] [DEBUG] [paramiko.transport] [chan 26] EOF sent (26)
[2026-06-18 14:40:19] [DEBUG] [paramiko.transport] [chan 27] Max packet in: 32768 bytes
[2026-06-18 14:40:19] [DEBUG] [paramiko.transport] [chan 27] Max packet out: 32768 bytes
[2026-06-18 14:40:19] [DEBUG] [paramiko.transport] Secsh channel 27 opened.
[2026-06-18 14:40:19] [DEBUG] [paramiko.transport] [chan 27] Sesch channel 27 request ok
[2026-06-18 14:40:19] [DEBUG] [paramiko.transport] [chan 27] EOF received (27)
[2026-06-18 14:40:19] [DEBUG] [paramiko.transport] [chan 27] EOF sent (27)
[2026-06-18 14:40:19] [DEBUG] [paramiko.transport] [chan 28] Max packet in: 32768 bytes
[2026-06-18 14:40:19] [DEBUG] [paramiko.transport] [chan 28] Max packet out: 32768 bytes
[2026-06-18 14:40:19] [DEBUG] [paramiko.transport] Secsh channel 28 opened.
[2026-06-18 14:40:19] [DEBUG] [paramiko.transport] [chan 28] Sesch channel 28 request ok
[2026-06-18 14:40:19] [DEBUG] [paramiko.transport] [chan 28] EOF received (28)
[2026-06-18 14:40:19] [DEBUG] [paramiko.transport] [chan 28] EOF sent (28)
[2026-06-18 14:40:19] [DEBUG] [paramiko.transport] [chan 29] Max packet in: 32768 bytes
[2026-06-18 14:40:19] [DEBUG] [paramiko.transport] [chan 29] Max packet out: 32768 bytes
[2026-06-18 14:40:19] [DEBUG] [paramiko.transport] Secsh channel 29 opened.
[2026-06-18 14:40:19] [DEBUG] [paramiko.transport] [chan 29] Sesch channel 29 request ok
[2026-06-18 14:40:19] [DEBUG] [paramiko.transport] [chan 29] EOF received (29)
[2026-06-18 14:40:19] [DEBUG] [paramiko.transport] [chan 29] EOF sent (29)
[2026-06-18 14:40:19] [DEBUG] [paramiko.transport] [chan 30] Max packet in: 32768 bytes
[2026-06-18 14:40:19] [DEBUG] [paramiko.transport] [chan 30] Max packet out: 32768 bytes
[2026-06-18 14:40:19] [DEBUG] [paramiko.transport] Secsh channel 30 opened.
[2026-06-18 14:40:19] [DEBUG] [paramiko.transport] [chan 30] Sesch channel 30 request ok
[2026-06-18 14:40:19] [DEBUG] [paramiko.transport] [chan 30] EOF received (30)
[2026-06-18 14:40:19] [DEBUG] [paramiko.transport] [chan 30] EOF sent (30)
[2026-06-18 14:40:19] [DEBUG] [paramiko.transport] [chan 31] Max packet in: 32768 bytes
[2026-06-18 14:40:19] [DEBUG] [paramiko.transport] [chan 31] Max packet out: 32768 bytes
[2026-06-18 14:40:19] [DEBUG] [paramiko.transport] Secsh channel 31 opened.
[2026-06-18 14:40:19] [DEBUG] [paramiko.transport] [chan 31] Sesch channel 31 request ok
[2026-06-18 14:40:19] [DEBUG] [paramiko.transport] [chan 31] EOF received (31)
[2026-06-18 14:40:19] [DEBUG] [paramiko.transport] [chan 31] EOF sent (31)
[2026-06-18 14:40:19] [DEBUG] [paramiko.transport] [chan 32] Max packet in: 32768 bytes
[2026-06-18 14:40:19] [DEBUG] [paramiko.transport] [chan 32] Max packet out: 32768 bytes
[2026-06-18 14:40:19] [DEBUG] [paramiko.transport] Secsh channel 32 opened.
[2026-06-18 14:40:19] [DEBUG] [paramiko.transport] [chan 32] Sesch channel 32 request ok
[2026-06-18 14:40:19] [DEBUG] [paramiko.transport] [chan 32] EOF received (32)
[2026-06-18 14:40:19] [DEBUG] [paramiko.transport] [chan 32] EOF sent (32)
[2026-06-18 14:40:19] [DEBUG] [paramiko.transport] [chan 33] Max packet in: 32768 bytes
[2026-06-18 14:40:19] [DEBUG] [paramiko.transport] [chan 33] Max packet out: 32768 bytes
[2026-06-18 14:40:19] [DEBUG] [paramiko.transport] Secsh channel 33 opened.
[2026-06-18 14:40:19] [DEBUG] [paramiko.transport] [chan 33] Sesch channel 33 request ok
[2026-06-18 14:40:19] [DEBUG] [paramiko.transport] [chan 33] EOF received (33)
[2026-06-18 14:40:19] [DEBUG] [paramiko.transport] [chan 33] EOF sent (33)
[2026-06-18 14:40:19] [DEBUG] [paramiko.transport] [chan 34] Max packet in: 32768 bytes
[2026-06-18 14:40:19] [DEBUG] [paramiko.transport] [chan 34] Max packet out: 32768 bytes
[2026-06-18 14:40:19] [DEBUG] [paramiko.transport] Secsh channel 34 opened.
[2026-06-18 14:40:19] [DEBUG] [paramiko.transport] [chan 34] Sesch channel 34 request ok
[2026-06-18 14:40:19] [DEBUG] [paramiko.transport] [chan 34] EOF received (34)
[2026-06-18 14:40:19] [DEBUG] [paramiko.transport] [chan 34] EOF sent (34)
[2026-06-18 14:40:20] [DEBUG] [paramiko.transport] [chan 35] Max packet in: 32768 bytes
[2026-06-18 14:40:20] [DEBUG] [paramiko.transport] [chan 35] Max packet out: 32768 bytes
[2026-06-18 14:40:20] [DEBUG] [paramiko.transport] Secsh channel 35 opened.
[2026-06-18 14:40:20] [DEBUG] [paramiko.transport] [chan 35] Sesch channel 35 request ok
[2026-06-18 14:40:20] [DEBUG] [paramiko.transport] [chan 35] EOF received (35)
[2026-06-18 14:40:20] [DEBUG] [paramiko.transport] [chan 35] EOF sent (35)
[2026-06-18 14:40:20] [DEBUG] [paramiko.transport] [chan 36] Max packet in: 32768 bytes
[2026-06-18 14:40:20] [DEBUG] [paramiko.transport] [chan 36] Max packet out: 32768 bytes
[2026-06-18 14:40:20] [DEBUG] [paramiko.transport] Secsh channel 36 opened.
[2026-06-18 14:40:20] [DEBUG] [paramiko.transport] [chan 36] Sesch channel 36 request ok
[2026-06-18 14:40:20] [DEBUG] [paramiko.transport] [chan 36] EOF received (36)
[2026-06-18 14:40:20] [DEBUG] [paramiko.transport] [chan 36] EOF sent (36)
[2026-06-18 14:40:20] [DEBUG] [paramiko.transport] [chan 37] Max packet in: 32768 bytes
[2026-06-18 14:40:20] [DEBUG] [paramiko.transport] [chan 37] Max packet out: 32768 bytes
[2026-06-18 14:40:20] [DEBUG] [paramiko.transport] Secsh channel 37 opened.
[2026-06-18 14:40:20] [DEBUG] [paramiko.transport] [chan 37] Sesch channel 37 request ok
[2026-06-18 14:40:20] [DEBUG] [paramiko.transport] [chan 37] EOF received (37)
[2026-06-18 14:40:20] [DEBUG] [paramiko.transport] [chan 37] EOF sent (37)
[2026-06-18 14:40:20] [DEBUG] [paramiko.transport] [chan 38] Max packet in: 32768 bytes
[2026-06-18 14:40:20] [DEBUG] [paramiko.transport] [chan 38] Max packet out: 32768 bytes
[2026-06-18 14:40:20] [DEBUG] [paramiko.transport] Secsh channel 38 opened.
[2026-06-18 14:40:20] [DEBUG] [paramiko.transport] [chan 38] Sesch channel 38 request ok
[2026-06-18 14:40:20] [DEBUG] [paramiko.transport] [chan 38] EOF received (38)
[2026-06-18 14:40:20] [DEBUG] [paramiko.transport] [chan 38] EOF sent (38)
[2026-06-18 14:40:20] [DEBUG] [paramiko.transport] [chan 39] Max packet in: 32768 bytes
[2026-06-18 14:40:20] [DEBUG] [paramiko.transport] [chan 39] Max packet out: 32768 bytes
[2026-06-18 14:40:20] [DEBUG] [paramiko.transport] Secsh channel 39 opened.
[2026-06-18 14:40:20] [DEBUG] [paramiko.transport] [chan 39] Sesch channel 39 request ok
[2026-06-18 14:40:20] [DEBUG] [paramiko.transport] [chan 39] EOF received (39)
[2026-06-18 14:40:20] [DEBUG] [paramiko.transport] [chan 39] EOF sent (39)
[2026-06-18 14:40:20] [DEBUG] [paramiko.transport] [chan 40] Max packet in: 32768 bytes
[2026-06-18 14:40:20] [DEBUG] [paramiko.transport] [chan 40] Max packet out: 32768 bytes
[2026-06-18 14:40:20] [DEBUG] [paramiko.transport] Secsh channel 40 opened.
[2026-06-18 14:40:20] [DEBUG] [paramiko.transport] [chan 40] Sesch channel 40 request ok
[2026-06-18 14:40:20] [DEBUG] [paramiko.transport] [chan 40] EOF received (40)
[2026-06-18 14:40:20] [DEBUG] [paramiko.transport] [chan 40] EOF sent (40)
[2026-06-18 14:40:20] [DEBUG] [paramiko.transport] [chan 41] Max packet in: 32768 bytes
[2026-06-18 14:40:20] [DEBUG] [paramiko.transport] [chan 41] Max packet out: 32768 bytes
[2026-06-18 14:40:20] [DEBUG] [paramiko.transport] Secsh channel 41 opened.
[2026-06-18 14:40:20] [DEBUG] [paramiko.transport] [chan 41] Sesch channel 41 request ok
[2026-06-18 14:40:20] [DEBUG] [paramiko.transport] [chan 41] EOF received (41)
[2026-06-18 14:40:20] [DEBUG] [paramiko.transport] [chan 41] EOF sent (41)
[2026-06-18 14:40:20] [DEBUG] [paramiko.transport] [chan 42] Max packet in: 32768 bytes
[2026-06-18 14:40:20] [DEBUG] [paramiko.transport] [chan 42] Max packet out: 32768 bytes
[2026-06-18 14:40:20] [DEBUG] [paramiko.transport] Secsh channel 42 opened.
[2026-06-18 14:40:20] [DEBUG] [paramiko.transport] [chan 42] Sesch channel 42 request ok
[2026-06-18 14:40:20] [DEBUG] [paramiko.transport] [chan 42] EOF received (42)
[2026-06-18 14:40:20] [DEBUG] [paramiko.transport] [chan 42] EOF sent (42)
[2026-06-18 14:40:20] [DEBUG] [paramiko.transport] [chan 43] Max packet in: 32768 bytes
[2026-06-18 14:40:20] [DEBUG] [paramiko.transport] [chan 43] Max packet out: 32768 bytes
[2026-06-18 14:40:20] [DEBUG] [paramiko.transport] Secsh channel 43 opened.
[2026-06-18 14:40:20] [DEBUG] [paramiko.transport] [chan 43] Sesch channel 43 request ok
[2026-06-18 14:40:20] [DEBUG] [paramiko.transport] [chan 43] EOF received (43)
[2026-06-18 14:40:20] [DEBUG] [paramiko.transport] [chan 43] EOF sent (43)
[2026-06-18 14:40:21] [DEBUG] [paramiko.transport] [chan 44] Max packet in: 32768 bytes
[2026-06-18 14:40:21] [DEBUG] [paramiko.transport] [chan 44] Max packet out: 32768 bytes
[2026-06-18 14:40:21] [DEBUG] [paramiko.transport] Secsh channel 44 opened.
[2026-06-18 14:40:21] [DEBUG] [paramiko.transport] [chan 44] Sesch channel 44 request ok
[2026-06-18 14:40:21] [DEBUG] [paramiko.transport] [chan 44] EOF received (44)
[2026-06-18 14:40:21] [DEBUG] [paramiko.transport] [chan 44] EOF sent (44)
[2026-06-18 14:40:21] [DEBUG] [paramiko.transport] [chan 45] Max packet in: 32768 bytes
[2026-06-18 14:40:21] [DEBUG] [paramiko.transport] [chan 45] Max packet out: 32768 bytes
[2026-06-18 14:40:21] [DEBUG] [paramiko.transport] Secsh channel 45 opened.
[2026-06-18 14:40:21] [DEBUG] [paramiko.transport] [chan 45] Sesch channel 45 request ok
[2026-06-18 14:40:21] [DEBUG] [paramiko.transport] [chan 45] EOF received (45)
[2026-06-18 14:40:21] [DEBUG] [paramiko.transport] [chan 45] EOF sent (45)
[2026-06-18 14:40:21] [DEBUG] [paramiko.transport] [chan 46] Max packet in: 32768 bytes
[2026-06-18 14:40:21] [DEBUG] [paramiko.transport] [chan 46] Max packet out: 32768 bytes
[2026-06-18 14:40:21] [DEBUG] [paramiko.transport] Secsh channel 46 opened.
[2026-06-18 14:40:21] [DEBUG] [paramiko.transport] [chan 46] Sesch channel 46 request ok
[2026-06-18 14:40:21] [DEBUG] [paramiko.transport] [chan 46] EOF received (46)
[2026-06-18 14:40:21] [DEBUG] [paramiko.transport] [chan 46] EOF sent (46)
[2026-06-18 14:40:21] [DEBUG] [paramiko.transport] [chan 47] Max packet in: 32768 bytes
[2026-06-18 14:40:21] [DEBUG] [paramiko.transport] [chan 47] Max packet out: 32768 bytes
[2026-06-18 14:40:21] [DEBUG] [paramiko.transport] Secsh channel 47 opened.
[2026-06-18 14:40:21] [DEBUG] [paramiko.transport] [chan 47] Sesch channel 47 request ok
[2026-06-18 14:40:21] [DEBUG] [paramiko.transport] [chan 47] EOF received (47)
[2026-06-18 14:40:21] [DEBUG] [paramiko.transport] [chan 47] EOF sent (47)
[2026-06-18 14:40:21] [DEBUG] [paramiko.transport] [chan 48] Max packet in: 32768 bytes
[2026-06-18 14:40:21] [DEBUG] [paramiko.transport] [chan 48] Max packet out: 32768 bytes
[2026-06-18 14:40:21] [DEBUG] [paramiko.transport] Secsh channel 48 opened.
[2026-06-18 14:40:21] [DEBUG] [paramiko.transport] [chan 48] Sesch channel 48 request ok
[2026-06-18 14:40:21] [DEBUG] [paramiko.transport] [chan 48] EOF received (48)
[2026-06-18 14:40:21] [DEBUG] [paramiko.transport] [chan 48] EOF sent (48)
[2026-06-18 14:40:21] [DEBUG] [paramiko.transport] [chan 49] Max packet in: 32768 bytes
[2026-06-18 14:40:21] [DEBUG] [paramiko.transport] [chan 49] Max packet out: 32768 bytes
[2026-06-18 14:40:21] [DEBUG] [paramiko.transport] Secsh channel 49 opened.
[2026-06-18 14:40:21] [DEBUG] [paramiko.transport] [chan 49] Sesch channel 49 request ok
[2026-06-18 14:40:21] [DEBUG] [paramiko.transport] [chan 49] EOF received (49)
[2026-06-18 14:40:21] [DEBUG] [paramiko.transport] [chan 49] EOF sent (49)
[2026-06-18 14:40:21] [DEBUG] [paramiko.transport] [chan 50] Max packet in: 32768 bytes
[2026-06-18 14:40:21] [DEBUG] [paramiko.transport] [chan 50] Max packet out: 32768 bytes
[2026-06-18 14:40:21] [DEBUG] [paramiko.transport] Secsh channel 50 opened.
[2026-06-18 14:40:21] [DEBUG] [paramiko.transport] [chan 50] Sesch channel 50 request ok
[2026-06-18 14:40:21] [DEBUG] [paramiko.transport] [chan 50] EOF received (50)
[2026-06-18 14:40:21] [DEBUG] [paramiko.transport] [chan 50] EOF sent (50)
[2026-06-18 14:40:21] [DEBUG] [paramiko.transport] [chan 51] Max packet in: 32768 bytes
[2026-06-18 14:40:21] [DEBUG] [paramiko.transport] [chan 51] Max packet out: 32768 bytes
[2026-06-18 14:40:21] [DEBUG] [paramiko.transport] Secsh channel 51 opened.
[2026-06-18 14:40:21] [DEBUG] [paramiko.transport] [chan 51] Sesch channel 51 request ok
[2026-06-18 14:40:21] [DEBUG] [paramiko.transport] [chan 51] EOF received (51)
[2026-06-18 14:40:21] [DEBUG] [paramiko.transport] [chan 51] EOF sent (51)
[2026-06-18 14:40:22] [DEBUG] [paramiko.transport] [chan 52] Max packet in: 32768 bytes
[2026-06-18 14:40:22] [DEBUG] [paramiko.transport] [chan 52] Max packet out: 32768 bytes
[2026-06-18 14:40:22] [DEBUG] [paramiko.transport] Secsh channel 52 opened.
[2026-06-18 14:40:22] [DEBUG] [paramiko.transport] [chan 52] Sesch channel 52 request ok
[2026-06-18 14:40:22] [DEBUG] [paramiko.transport] [chan 52] EOF received (52)
[2026-06-18 14:40:22] [DEBUG] [paramiko.transport] [chan 52] EOF sent (52)
[2026-06-18 14:40:22] [DEBUG] [paramiko.transport] [chan 53] Max packet in: 32768 bytes
[2026-06-18 14:40:22] [DEBUG] [paramiko.transport] [chan 53] Max packet out: 32768 bytes
[2026-06-18 14:40:22] [DEBUG] [paramiko.transport] Secsh channel 53 opened.
[2026-06-18 14:40:22] [DEBUG] [paramiko.transport] [chan 53] Sesch channel 53 request ok
[2026-06-18 14:40:22] [DEBUG] [paramiko.transport] [chan 53] EOF received (53)
[2026-06-18 14:40:22] [DEBUG] [paramiko.transport] [chan 53] EOF sent (53)
[2026-06-18 14:40:22] [DEBUG] [paramiko.transport] [chan 54] Max packet in: 32768 bytes
[2026-06-18 14:40:22] [DEBUG] [paramiko.transport] [chan 54] Max packet out: 32768 bytes
[2026-06-18 14:40:22] [DEBUG] [paramiko.transport] Secsh channel 54 opened.
[2026-06-18 14:40:22] [DEBUG] [paramiko.transport] [chan 54] Sesch channel 54 request ok
[2026-06-18 14:40:22] [DEBUG] [paramiko.transport] [chan 54] EOF received (54)
[2026-06-18 14:40:22] [DEBUG] [paramiko.transport] [chan 54] EOF sent (54)
[2026-06-18 14:40:22] [DEBUG] [paramiko.transport] [chan 55] Max packet in: 32768 bytes
[2026-06-18 14:40:22] [DEBUG] [paramiko.transport] [chan 55] Max packet out: 32768 bytes
[2026-06-18 14:40:22] [DEBUG] [paramiko.transport] Secsh channel 55 opened.
[2026-06-18 14:40:22] [DEBUG] [paramiko.transport] [chan 55] Sesch channel 55 request ok
[2026-06-18 14:40:22] [DEBUG] [paramiko.transport] [chan 55] EOF received (55)
[2026-06-18 14:40:22] [DEBUG] [paramiko.transport] [chan 55] EOF sent (55)
[2026-06-18 14:40:22] [DEBUG] [paramiko.transport] [chan 56] Max packet in: 32768 bytes
[2026-06-18 14:40:22] [DEBUG] [paramiko.transport] [chan 56] Max packet out: 32768 bytes
[2026-06-18 14:40:22] [DEBUG] [paramiko.transport] Secsh channel 56 opened.
[2026-06-18 14:40:22] [DEBUG] [paramiko.transport] [chan 56] Sesch channel 56 request ok
[2026-06-18 14:40:22] [DEBUG] [paramiko.transport] [chan 56] EOF received (56)
[2026-06-18 14:40:22] [DEBUG] [paramiko.transport] [chan 56] EOF sent (56)
[2026-06-18 14:40:22] [DEBUG] [paramiko.transport] [chan 57] Max packet in: 32768 bytes
[2026-06-18 14:40:22] [DEBUG] [paramiko.transport] [chan 57] Max packet out: 32768 bytes
[2026-06-18 14:40:22] [DEBUG] [paramiko.transport] Secsh channel 57 opened.
[2026-06-18 14:40:22] [DEBUG] [paramiko.transport] [chan 57] Sesch channel 57 request ok
[2026-06-18 14:40:22] [DEBUG] [paramiko.transport] [chan 57] EOF received (57)
[2026-06-18 14:40:22] [DEBUG] [paramiko.transport] [chan 57] EOF sent (57)
[2026-06-18 14:40:22] [DEBUG] [paramiko.transport] [chan 58] Max packet in: 32768 bytes
[2026-06-18 14:40:22] [DEBUG] [paramiko.transport] [chan 58] Max packet out: 32768 bytes
[2026-06-18 14:40:22] [DEBUG] [paramiko.transport] Secsh channel 58 opened.
[2026-06-18 14:40:22] [DEBUG] [paramiko.transport] [chan 58] Sesch channel 58 request ok
[2026-06-18 14:40:22] [DEBUG] [paramiko.transport] [chan 58] EOF received (58)
[2026-06-18 14:40:22] [DEBUG] [paramiko.transport] [chan 58] EOF sent (58)
[2026-06-18 14:40:22] [DEBUG] [paramiko.transport] [chan 59] Max packet in: 32768 bytes
[2026-06-18 14:40:22] [DEBUG] [paramiko.transport] [chan 59] Max packet out: 32768 bytes
[2026-06-18 14:40:22] [DEBUG] [paramiko.transport] Secsh channel 59 opened.
[2026-06-18 14:40:22] [DEBUG] [paramiko.transport] [chan 59] Sesch channel 59 request ok
[2026-06-18 14:40:22] [DEBUG] [paramiko.transport] [chan 59] EOF received (59)
[2026-06-18 14:40:22] [DEBUG] [paramiko.transport] [chan 59] EOF sent (59)
[2026-06-18 14:40:23] [DEBUG] [paramiko.transport] [chan 60] Max packet in: 32768 bytes
[2026-06-18 14:40:23] [DEBUG] [paramiko.transport] [chan 60] Max packet out: 32768 bytes
[2026-06-18 14:40:23] [DEBUG] [paramiko.transport] Secsh channel 60 opened.
[2026-06-18 14:40:23] [DEBUG] [paramiko.transport] [chan 60] Sesch channel 60 request ok
[2026-06-18 14:40:23] [DEBUG] [paramiko.transport] [chan 60] EOF received (60)
[2026-06-18 14:40:23] [DEBUG] [paramiko.transport] [chan 60] EOF sent (60)
[2026-06-18 14:40:23] [DEBUG] [paramiko.transport] [chan 61] Max packet in: 32768 bytes
[2026-06-18 14:40:23] [DEBUG] [paramiko.transport] [chan 61] Max packet out: 32768 bytes
[2026-06-18 14:40:23] [DEBUG] [paramiko.transport] Secsh channel 61 opened.
[2026-06-18 14:40:23] [DEBUG] [paramiko.transport] [chan 61] Sesch channel 61 request ok
[2026-06-18 14:40:23] [DEBUG] [paramiko.transport] [chan 61] EOF received (61)
[2026-06-18 14:40:23] [DEBUG] [paramiko.transport] [chan 61] EOF sent (61)
[2026-06-18 14:40:23] [DEBUG] [paramiko.transport] [chan 62] Max packet in: 32768 bytes
[2026-06-18 14:40:23] [DEBUG] [paramiko.transport] [chan 62] Max packet out: 32768 bytes
[2026-06-18 14:40:23] [DEBUG] [paramiko.transport] Secsh channel 62 opened.
[2026-06-18 14:40:23] [DEBUG] [paramiko.transport] [chan 62] Sesch channel 62 request ok
[2026-06-18 14:40:23] [DEBUG] [paramiko.transport] [chan 62] EOF received (62)
[2026-06-18 14:40:23] [DEBUG] [paramiko.transport] [chan 62] EOF sent (62)
[2026-06-18 14:40:23] [DEBUG] [paramiko.transport] [chan 63] Max packet in: 32768 bytes
[2026-06-18 14:40:23] [DEBUG] [paramiko.transport] [chan 63] Max packet out: 32768 bytes
[2026-06-18 14:40:23] [DEBUG] [paramiko.transport] Secsh channel 63 opened.
[2026-06-18 14:40:23] [DEBUG] [paramiko.transport] [chan 63] Sesch channel 63 request ok
[2026-06-18 14:40:23] [DEBUG] [paramiko.transport] [chan 63] EOF received (63)
[2026-06-18 14:40:23] [DEBUG] [paramiko.transport] [chan 63] EOF sent (63)
[2026-06-18 14:40:23] [DEBUG] [paramiko.transport] [chan 64] Max packet in: 32768 bytes
[2026-06-18 14:40:23] [DEBUG] [paramiko.transport] [chan 64] Max packet out: 32768 bytes
[2026-06-18 14:40:23] [DEBUG] [paramiko.transport] Secsh channel 64 opened.
[2026-06-18 14:40:23] [DEBUG] [paramiko.transport] [chan 64] Sesch channel 64 request ok
[2026-06-18 14:40:23] [DEBUG] [paramiko.transport] [chan 64] EOF received (64)
[2026-06-18 14:40:23] [DEBUG] [paramiko.transport] [chan 64] EOF sent (64)
[2026-06-18 14:40:23] [DEBUG] [paramiko.transport] [chan 65] Max packet in: 32768 bytes
[2026-06-18 14:40:23] [DEBUG] [paramiko.transport] [chan 65] Max packet out: 32768 bytes
[2026-06-18 14:40:23] [DEBUG] [paramiko.transport] Secsh channel 65 opened.
[2026-06-18 14:40:23] [DEBUG] [paramiko.transport] [chan 65] Sesch channel 65 request ok
[2026-06-18 14:40:23] [DEBUG] [paramiko.transport] [chan 65] EOF received (65)
[2026-06-18 14:40:23] [DEBUG] [paramiko.transport] [chan 65] EOF sent (65)
[2026-06-18 14:40:23] [DEBUG] [paramiko.transport] [chan 66] Max packet in: 32768 bytes
[2026-06-18 14:40:23] [DEBUG] [paramiko.transport] [chan 66] Max packet out: 32768 bytes
[2026-06-18 14:40:23] [DEBUG] [paramiko.transport] Secsh channel 66 opened.
[2026-06-18 14:40:23] [DEBUG] [paramiko.transport] [chan 66] Sesch channel 66 request ok
[2026-06-18 14:40:23] [DEBUG] [paramiko.transport] [chan 66] EOF received (66)
[2026-06-18 14:40:23] [DEBUG] [paramiko.transport] [chan 66] EOF sent (66)
[2026-06-18 14:40:23] [DEBUG] [paramiko.transport] [chan 67] Max packet in: 32768 bytes
[2026-06-18 14:40:23] [DEBUG] [paramiko.transport] [chan 67] Max packet out: 32768 bytes
[2026-06-18 14:40:23] [DEBUG] [paramiko.transport] Secsh channel 67 opened.
[2026-06-18 14:40:23] [DEBUG] [paramiko.transport] [chan 67] Sesch channel 67 request ok
[2026-06-18 14:40:23] [DEBUG] [paramiko.transport] [chan 67] EOF received (67)
[2026-06-18 14:40:23] [DEBUG] [paramiko.transport] [chan 67] EOF sent (67)
[2026-06-18 14:40:24] [DEBUG] [paramiko.transport] [chan 68] Max packet in: 32768 bytes
[2026-06-18 14:40:24] [DEBUG] [paramiko.transport] [chan 68] Max packet out: 32768 bytes
[2026-06-18 14:40:24] [DEBUG] [paramiko.transport] Secsh channel 68 opened.
[2026-06-18 14:40:24] [DEBUG] [paramiko.transport] [chan 68] Sesch channel 68 request ok
[2026-06-18 14:40:24] [DEBUG] [paramiko.transport] [chan 68] EOF received (68)
[2026-06-18 14:40:24] [DEBUG] [paramiko.transport] [chan 68] EOF sent (68)
[2026-06-18 14:40:24] [DEBUG] [paramiko.transport] [chan 69] Max packet in: 32768 bytes
[2026-06-18 14:40:24] [DEBUG] [paramiko.transport] [chan 69] Max packet out: 32768 bytes
[2026-06-18 14:40:24] [DEBUG] [paramiko.transport] Secsh channel 69 opened.
[2026-06-18 14:40:24] [DEBUG] [paramiko.transport] [chan 69] Sesch channel 69 request ok
[2026-06-18 14:40:24] [DEBUG] [paramiko.transport] [chan 69] EOF received (69)
[2026-06-18 14:40:24] [DEBUG] [paramiko.transport] [chan 69] EOF sent (69)
[2026-06-18 14:40:24] [DEBUG] [paramiko.transport] [chan 70] Max packet in: 32768 bytes
[2026-06-18 14:40:24] [DEBUG] [paramiko.transport] [chan 70] Max packet out: 32768 bytes
[2026-06-18 14:40:24] [DEBUG] [paramiko.transport] Secsh channel 70 opened.
[2026-06-18 14:40:24] [DEBUG] [paramiko.transport] [chan 70] Sesch channel 70 request ok
[2026-06-18 14:40:24] [DEBUG] [paramiko.transport] [chan 70] EOF received (70)
[2026-06-18 14:40:24] [DEBUG] [paramiko.transport] [chan 70] EOF sent (70)
[2026-06-18 14:40:24] [DEBUG] [paramiko.transport] [chan 71] Max packet in: 32768 bytes
[2026-06-18 14:40:24] [DEBUG] [paramiko.transport] [chan 71] Max packet out: 32768 bytes
[2026-06-18 14:40:24] [DEBUG] [paramiko.transport] Secsh channel 71 opened.
[2026-06-18 14:40:24] [DEBUG] [paramiko.transport] [chan 71] Sesch channel 71 request ok
[2026-06-18 14:40:24] [DEBUG] [paramiko.transport] [chan 71] EOF received (71)
[2026-06-18 14:40:24] [DEBUG] [paramiko.transport] [chan 71] EOF sent (71)
[2026-06-18 14:40:24] [DEBUG] [paramiko.transport] [chan 72] Max packet in: 32768 bytes
[2026-06-18 14:40:24] [DEBUG] [paramiko.transport] [chan 72] Max packet out: 32768 bytes
[2026-06-18 14:40:24] [DEBUG] [paramiko.transport] Secsh channel 72 opened.
[2026-06-18 14:40:24] [DEBUG] [paramiko.transport] [chan 72] Sesch channel 72 request ok
[2026-06-18 14:40:24] [DEBUG] [paramiko.transport] [chan 72] EOF received (72)
[2026-06-18 14:40:24] [DEBUG] [paramiko.transport] [chan 72] EOF sent (72)
[2026-06-18 14:40:24] [DEBUG] [paramiko.transport] [chan 73] Max packet in: 32768 bytes
[2026-06-18 14:40:24] [DEBUG] [paramiko.transport] [chan 73] Max packet out: 32768 bytes
[2026-06-18 14:40:24] [DEBUG] [paramiko.transport] Secsh channel 73 opened.
[2026-06-18 14:40:24] [DEBUG] [paramiko.transport] [chan 73] Sesch channel 73 request ok
[2026-06-18 14:40:24] [DEBUG] [paramiko.transport] [chan 73] EOF received (73)
[2026-06-18 14:40:24] [DEBUG] [paramiko.transport] [chan 73] EOF sent (73)
[2026-06-18 14:40:24] [DEBUG] [paramiko.transport] [chan 74] Max packet in: 32768 bytes
[2026-06-18 14:40:24] [DEBUG] [paramiko.transport] [chan 74] Max packet out: 32768 bytes
[2026-06-18 14:40:24] [DEBUG] [paramiko.transport] Secsh channel 74 opened.
[2026-06-18 14:40:24] [DEBUG] [paramiko.transport] [chan 74] Sesch channel 74 request ok
[2026-06-18 14:40:24] [DEBUG] [paramiko.transport] [chan 74] EOF received (74)
[2026-06-18 14:40:24] [DEBUG] [paramiko.transport] [chan 74] EOF sent (74)
[2026-06-18 14:40:24] [DEBUG] [paramiko.transport] [chan 75] Max packet in: 32768 bytes
[2026-06-18 14:40:24] [DEBUG] [paramiko.transport] [chan 75] Max packet out: 32768 bytes
[2026-06-18 14:40:24] [DEBUG] [paramiko.transport] Secsh channel 75 opened.
[2026-06-18 14:40:24] [DEBUG] [paramiko.transport] [chan 75] Sesch channel 75 request ok
[2026-06-18 14:40:24] [DEBUG] [paramiko.transport] [chan 75] EOF received (75)
[2026-06-18 14:40:24] [DEBUG] [paramiko.transport] [chan 75] EOF sent (75)
[2026-06-18 14:40:24] [DEBUG] [paramiko.transport] [chan 76] Max packet in: 32768 bytes
[2026-06-18 14:40:25] [DEBUG] [paramiko.transport] [chan 76] Max packet out: 32768 bytes
[2026-06-18 14:40:25] [DEBUG] [paramiko.transport] Secsh channel 76 opened.
[2026-06-18 14:40:25] [DEBUG] [paramiko.transport] [chan 76] Sesch channel 76 request ok
[2026-06-18 14:40:25] [DEBUG] [paramiko.transport] [chan 76] EOF received (76)
[2026-06-18 14:40:25] [DEBUG] [paramiko.transport] [chan 76] EOF sent (76)
[2026-06-18 14:40:25] [DEBUG] [paramiko.transport] [chan 77] Max packet in: 32768 bytes
[2026-06-18 14:40:25] [DEBUG] [paramiko.transport] [chan 77] Max packet out: 32768 bytes
[2026-06-18 14:40:25] [DEBUG] [paramiko.transport] Secsh channel 77 opened.
[2026-06-18 14:40:25] [DEBUG] [paramiko.transport] [chan 77] Sesch channel 77 request ok
[2026-06-18 14:40:25] [DEBUG] [paramiko.transport] [chan 77] EOF received (77)
[2026-06-18 14:40:25] [DEBUG] [paramiko.transport] [chan 77] EOF sent (77)
[2026-06-18 14:40:25] [DEBUG] [paramiko.transport] [chan 78] Max packet in: 32768 bytes
[2026-06-18 14:40:25] [DEBUG] [paramiko.transport] [chan 78] Max packet out: 32768 bytes
[2026-06-18 14:40:25] [DEBUG] [paramiko.transport] Secsh channel 78 opened.
[2026-06-18 14:40:25] [DEBUG] [paramiko.transport] [chan 78] Sesch channel 78 request ok
[2026-06-18 14:40:25] [DEBUG] [paramiko.transport] [chan 78] EOF received (78)
[2026-06-18 14:40:25] [DEBUG] [paramiko.transport] [chan 78] EOF sent (78)
[2026-06-18 14:40:25] [DEBUG] [paramiko.transport] [chan 79] Max packet in: 32768 bytes
[2026-06-18 14:40:25] [DEBUG] [paramiko.transport] [chan 79] Max packet out: 32768 bytes
[2026-06-18 14:40:25] [DEBUG] [paramiko.transport] Secsh channel 79 opened.
[2026-06-18 14:40:25] [DEBUG] [paramiko.transport] [chan 79] Sesch channel 79 request ok
[2026-06-18 14:40:25] [DEBUG] [paramiko.transport] [chan 79] EOF received (79)
[2026-06-18 14:40:25] [DEBUG] [paramiko.transport] [chan 79] EOF sent (79)
[2026-06-18 14:40:25] [DEBUG] [paramiko.transport] [chan 80] Max packet in: 32768 bytes
[2026-06-18 14:40:25] [DEBUG] [paramiko.transport] [chan 80] Max packet out: 32768 bytes
[2026-06-18 14:40:25] [DEBUG] [paramiko.transport] Secsh channel 80 opened.
[2026-06-18 14:40:25] [DEBUG] [paramiko.transport] [chan 80] Sesch channel 80 request ok
[2026-06-18 14:40:25] [DEBUG] [paramiko.transport] [chan 80] EOF received (80)
[2026-06-18 14:40:25] [DEBUG] [paramiko.transport] [chan 80] EOF sent (80)
[2026-06-18 14:40:25] [DEBUG] [paramiko.transport] [chan 81] Max packet in: 32768 bytes
[2026-06-18 14:40:25] [DEBUG] [paramiko.transport] [chan 81] Max packet out: 32768 bytes
[2026-06-18 14:40:25] [DEBUG] [paramiko.transport] Secsh channel 81 opened.
[2026-06-18 14:40:25] [DEBUG] [paramiko.transport] [chan 81] Sesch channel 81 request ok
[2026-06-18 14:40:25] [DEBUG] [paramiko.transport] [chan 81] EOF received (81)
[2026-06-18 14:40:25] [DEBUG] [paramiko.transport] [chan 81] EOF sent (81)
[2026-06-18 14:40:25] [DEBUG] [paramiko.transport] [chan 82] Max packet in: 32768 bytes
[2026-06-18 14:40:25] [DEBUG] [paramiko.transport] [chan 82] Max packet out: 32768 bytes
[2026-06-18 14:40:25] [DEBUG] [paramiko.transport] Secsh channel 82 opened.
[2026-06-18 14:40:25] [DEBUG] [paramiko.transport] [chan 82] Sesch channel 82 request ok
[2026-06-18 14:40:25] [DEBUG] [paramiko.transport] [chan 82] EOF received (82)
[2026-06-18 14:40:25] [DEBUG] [paramiko.transport] [chan 82] EOF sent (82)
[2026-06-18 14:40:25] [DEBUG] [paramiko.transport] [chan 83] Max packet in: 32768 bytes
[2026-06-18 14:40:25] [DEBUG] [paramiko.transport] [chan 83] Max packet out: 32768 bytes
[2026-06-18 14:40:25] [DEBUG] [paramiko.transport] Secsh channel 83 opened.
[2026-06-18 14:40:25] [DEBUG] [paramiko.transport] [chan 83] Sesch channel 83 request ok
[2026-06-18 14:40:25] [DEBUG] [paramiko.transport] [chan 83] EOF received (83)
[2026-06-18 14:40:25] [DEBUG] [paramiko.transport] [chan 83] EOF sent (83)
[2026-06-18 14:40:25] [DEBUG] [paramiko.transport] [chan 84] Max packet in: 32768 bytes
[2026-06-18 14:40:25] [DEBUG] [paramiko.transport] [chan 84] Max packet out: 32768 bytes
[2026-06-18 14:40:25] [DEBUG] [paramiko.transport] Secsh channel 84 opened.
[2026-06-18 14:40:25] [DEBUG] [paramiko.transport] [chan 84] Sesch channel 84 request ok
[2026-06-18 14:40:25] [DEBUG] [paramiko.transport] [chan 84] EOF received (84)
[2026-06-18 14:40:25] [DEBUG] [paramiko.transport] [chan 84] EOF sent (84)
[2026-06-18 14:40:26] [DEBUG] [paramiko.transport] [chan 85] Max packet in: 32768 bytes
[2026-06-18 14:40:26] [DEBUG] [paramiko.transport] [chan 85] Max packet out: 32768 bytes
[2026-06-18 14:40:26] [DEBUG] [paramiko.transport] Secsh channel 85 opened.
[2026-06-18 14:40:26] [DEBUG] [paramiko.transport] [chan 85] Sesch channel 85 request ok
[2026-06-18 14:40:26] [DEBUG] [paramiko.transport] [chan 85] EOF received (85)
[2026-06-18 14:40:26] [DEBUG] [paramiko.transport] [chan 85] EOF sent (85)
[2026-06-18 14:40:26] [DEBUG] [paramiko.transport] [chan 86] Max packet in: 32768 bytes
[2026-06-18 14:40:26] [DEBUG] [paramiko.transport] [chan 86] Max packet out: 32768 bytes
[2026-06-18 14:40:26] [DEBUG] [paramiko.transport] Secsh channel 86 opened.
[2026-06-18 14:40:26] [DEBUG] [paramiko.transport] [chan 86] Sesch channel 86 request ok
[2026-06-18 14:40:26] [DEBUG] [paramiko.transport] [chan 86] EOF received (86)
[2026-06-18 14:40:26] [DEBUG] [paramiko.transport] [chan 86] EOF sent (86)
[2026-06-18 14:40:26] [DEBUG] [paramiko.transport] [chan 87] Max packet in: 32768 bytes
[2026-06-18 14:40:26] [DEBUG] [paramiko.transport] [chan 87] Max packet out: 32768 bytes
[2026-06-18 14:40:26] [DEBUG] [paramiko.transport] Secsh channel 87 opened.
[2026-06-18 14:40:26] [DEBUG] [paramiko.transport] [chan 87] Sesch channel 87 request ok
[2026-06-18 14:40:26] [DEBUG] [paramiko.transport] [chan 87] EOF received (87)
[2026-06-18 14:40:26] [DEBUG] [paramiko.transport] [chan 87] EOF sent (87)
[2026-06-18 14:40:26] [DEBUG] [paramiko.transport] [chan 88] Max packet in: 32768 bytes
[2026-06-18 14:40:26] [DEBUG] [paramiko.transport] [chan 88] Max packet out: 32768 bytes
[2026-06-18 14:40:26] [DEBUG] [paramiko.transport] Secsh channel 88 opened.
[2026-06-18 14:40:26] [DEBUG] [paramiko.transport] [chan 88] Sesch channel 88 request ok
[2026-06-18 14:40:26] [DEBUG] [paramiko.transport] [chan 88] EOF received (88)
[2026-06-18 14:40:26] [DEBUG] [paramiko.transport] [chan 88] EOF sent (88)
[2026-06-18 14:40:26] [DEBUG] [paramiko.transport] [chan 89] Max packet in: 32768 bytes
[2026-06-18 14:40:26] [DEBUG] [paramiko.transport] [chan 89] Max packet out: 32768 bytes
[2026-06-18 14:40:26] [DEBUG] [paramiko.transport] Secsh channel 89 opened.
[2026-06-18 14:40:26] [DEBUG] [paramiko.transport] [chan 89] Sesch channel 89 request ok
[2026-06-18 14:40:26] [DEBUG] [paramiko.transport] [chan 89] EOF received (89)
[2026-06-18 14:40:26] [DEBUG] [paramiko.transport] [chan 89] EOF sent (89)
[2026-06-18 14:40:26] [DEBUG] [paramiko.transport] [chan 90] Max packet in: 32768 bytes
[2026-06-18 14:40:26] [DEBUG] [paramiko.transport] [chan 90] Max packet out: 32768 bytes
[2026-06-18 14:40:26] [DEBUG] [paramiko.transport] Secsh channel 90 opened.
[2026-06-18 14:40:26] [DEBUG] [paramiko.transport] [chan 90] Sesch channel 90 request ok
[2026-06-18 14:40:26] [DEBUG] [paramiko.transport] [chan 90] EOF received (90)
[2026-06-18 14:40:26] [DEBUG] [paramiko.transport] [chan 90] EOF sent (90)
[2026-06-18 14:40:26] [DEBUG] [paramiko.transport] [chan 91] Max packet in: 32768 bytes
[2026-06-18 14:40:26] [DEBUG] [paramiko.transport] [chan 91] Max packet out: 32768 bytes
[2026-06-18 14:40:26] [DEBUG] [paramiko.transport] Secsh channel 91 opened.
[2026-06-18 14:40:26] [DEBUG] [paramiko.transport] [chan 91] Sesch channel 91 request ok
[2026-06-18 14:40:26] [DEBUG] [paramiko.transport] [chan 91] EOF received (91)
[2026-06-18 14:40:26] [DEBUG] [paramiko.transport] [chan 91] EOF sent (91)
[2026-06-18 14:40:26] [DEBUG] [paramiko.transport] [chan 92] Max packet in: 32768 bytes
[2026-06-18 14:40:26] [DEBUG] [paramiko.transport] [chan 92] Max packet out: 32768 bytes
[2026-06-18 14:40:26] [DEBUG] [paramiko.transport] Secsh channel 92 opened.
[2026-06-18 14:40:26] [DEBUG] [paramiko.transport] [chan 92] Sesch channel 92 request ok
[2026-06-18 14:40:26] [DEBUG] [paramiko.transport] [chan 92] EOF received (92)
[2026-06-18 14:40:26] [DEBUG] [paramiko.transport] [chan 92] EOF sent (92)
[2026-06-18 14:40:27] [DEBUG] [paramiko.transport] [chan 93] Max packet in: 32768 bytes
[2026-06-18 14:40:27] [DEBUG] [paramiko.transport] [chan 93] Max packet out: 32768 bytes
[2026-06-18 14:40:27] [DEBUG] [paramiko.transport] Secsh channel 93 opened.
[2026-06-18 14:40:27] [DEBUG] [paramiko.transport] [chan 93] Sesch channel 93 request ok
[2026-06-18 14:40:27] [DEBUG] [paramiko.transport] [chan 93] EOF received (93)
[2026-06-18 14:40:27] [DEBUG] [paramiko.transport] [chan 93] EOF sent (93)
[2026-06-18 14:40:27] [DEBUG] [paramiko.transport] [chan 94] Max packet in: 32768 bytes
[2026-06-18 14:40:27] [DEBUG] [paramiko.transport] [chan 94] Max packet out: 32768 bytes
[2026-06-18 14:40:27] [DEBUG] [paramiko.transport] Secsh channel 94 opened.
[2026-06-18 14:40:27] [DEBUG] [paramiko.transport] [chan 94] Sesch channel 94 request ok
[2026-06-18 14:40:27] [DEBUG] [paramiko.transport] [chan 94] EOF received (94)
[2026-06-18 14:40:27] [DEBUG] [paramiko.transport] [chan 94] EOF sent (94)
[2026-06-18 14:40:27] [DEBUG] [paramiko.transport] [chan 95] Max packet in: 32768 bytes
[2026-06-18 14:40:27] [DEBUG] [paramiko.transport] [chan 95] Max packet out: 32768 bytes
[2026-06-18 14:40:27] [DEBUG] [paramiko.transport] Secsh channel 95 opened.
[2026-06-18 14:40:27] [DEBUG] [paramiko.transport] [chan 95] Sesch channel 95 request ok
[2026-06-18 14:40:27] [DEBUG] [paramiko.transport] [chan 95] EOF received (95)
[2026-06-18 14:40:27] [DEBUG] [paramiko.transport] [chan 95] EOF sent (95)
[2026-06-18 14:40:27] [DEBUG] [paramiko.transport] [chan 96] Max packet in: 32768 bytes
[2026-06-18 14:40:27] [DEBUG] [paramiko.transport] [chan 96] Max packet out: 32768 bytes
[2026-06-18 14:40:27] [DEBUG] [paramiko.transport] Secsh channel 96 opened.
[2026-06-18 14:40:27] [DEBUG] [paramiko.transport] [chan 96] Sesch channel 96 request ok
[2026-06-18 14:40:27] [DEBUG] [paramiko.transport] [chan 96] EOF received (96)
[2026-06-18 14:40:27] [DEBUG] [paramiko.transport] [chan 96] EOF sent (96)
[2026-06-18 14:40:27] [DEBUG] [paramiko.transport] [chan 97] Max packet in: 32768 bytes
[2026-06-18 14:40:27] [DEBUG] [paramiko.transport] [chan 97] Max packet out: 32768 bytes
[2026-06-18 14:40:27] [DEBUG] [paramiko.transport] Secsh channel 97 opened.
[2026-06-18 14:40:27] [DEBUG] [paramiko.transport] [chan 97] Sesch channel 97 request ok
[2026-06-18 14:40:27] [DEBUG] [paramiko.transport] [chan 97] EOF received (97)
[2026-06-18 14:40:27] [DEBUG] [paramiko.transport] [chan 97] EOF sent (97)
[2026-06-18 14:40:27] [DEBUG] [paramiko.transport] [chan 98] Max packet in: 32768 bytes
[2026-06-18 14:40:27] [DEBUG] [paramiko.transport] [chan 98] Max packet out: 32768 bytes
[2026-06-18 14:40:27] [DEBUG] [paramiko.transport] Secsh channel 98 opened.
[2026-06-18 14:40:27] [DEBUG] [paramiko.transport] [chan 98] Sesch channel 98 request ok
[2026-06-18 14:40:27] [DEBUG] [paramiko.transport] [chan 98] EOF received (98)
[2026-06-18 14:40:27] [DEBUG] [paramiko.transport] [chan 98] EOF sent (98)
[2026-06-18 14:40:27] [DEBUG] [paramiko.transport] [chan 99] Max packet in: 32768 bytes
[2026-06-18 14:40:27] [DEBUG] [paramiko.transport] [chan 99] Max packet out: 32768 bytes
[2026-06-18 14:40:27] [DEBUG] [paramiko.transport] Secsh channel 99 opened.
[2026-06-18 14:40:27] [DEBUG] [paramiko.transport] [chan 99] Sesch channel 99 request ok
[2026-06-18 14:40:27] [DEBUG] [paramiko.transport] [chan 99] EOF received (99)
[2026-06-18 14:40:27] [DEBUG] [paramiko.transport] [chan 99] EOF sent (99)
[2026-06-18 14:40:27] [DEBUG] [paramiko.transport] [chan 100] Max packet in: 32768 bytes
[2026-06-18 14:40:27] [DEBUG] [paramiko.transport] [chan 100] Max packet out: 32768 bytes
[2026-06-18 14:40:27] [DEBUG] [paramiko.transport] Secsh channel 100 opened.
[2026-06-18 14:40:27] [DEBUG] [paramiko.transport] [chan 100] Sesch channel 100 request ok
[2026-06-18 14:40:27] [DEBUG] [paramiko.transport] [chan 100] EOF received (100)
[2026-06-18 14:40:27] [DEBUG] [paramiko.transport] [chan 100] EOF sent (100)
[2026-06-18 14:40:28] [DEBUG] [paramiko.transport] [chan 101] Max packet in: 32768 bytes
[2026-06-18 14:40:28] [DEBUG] [paramiko.transport] [chan 101] Max packet out: 32768 bytes
[2026-06-18 14:40:28] [DEBUG] [paramiko.transport] Secsh channel 101 opened.
[2026-06-18 14:40:28] [DEBUG] [paramiko.transport] [chan 101] Sesch channel 101 request ok
[2026-06-18 14:40:28] [DEBUG] [paramiko.transport] [chan 101] EOF received (101)
[2026-06-18 14:40:28] [DEBUG] [paramiko.transport] [chan 101] EOF sent (101)
[2026-06-18 14:40:28] [DEBUG] [paramiko.transport] [chan 102] Max packet in: 32768 bytes
[2026-06-18 14:40:28] [DEBUG] [paramiko.transport] [chan 102] Max packet out: 32768 bytes
[2026-06-18 14:40:28] [DEBUG] [paramiko.transport] Secsh channel 102 opened.
[2026-06-18 14:40:28] [DEBUG] [paramiko.transport] [chan 102] Sesch channel 102 request ok
[2026-06-18 14:40:28] [DEBUG] [paramiko.transport] [chan 102] EOF received (102)
[2026-06-18 14:40:28] [DEBUG] [paramiko.transport] [chan 102] EOF sent (102)
[2026-06-18 14:40:28] [DEBUG] [paramiko.transport] [chan 103] Max packet in: 32768 bytes
[2026-06-18 14:40:28] [DEBUG] [paramiko.transport] [chan 103] Max packet out: 32768 bytes
[2026-06-18 14:40:28] [DEBUG] [paramiko.transport] Secsh channel 103 opened.
[2026-06-18 14:40:28] [DEBUG] [paramiko.transport] [chan 103] Sesch channel 103 request ok
[2026-06-18 14:40:28] [DEBUG] [paramiko.transport] [chan 103] EOF received (103)
[2026-06-18 14:40:28] [DEBUG] [paramiko.transport] [chan 103] EOF sent (103)
[2026-06-18 14:40:28] [DEBUG] [paramiko.transport] [chan 104] Max packet in: 32768 bytes
[2026-06-18 14:40:28] [DEBUG] [paramiko.transport] [chan 104] Max packet out: 32768 bytes
[2026-06-18 14:40:28] [DEBUG] [paramiko.transport] Secsh channel 104 opened.
[2026-06-18 14:40:28] [DEBUG] [paramiko.transport] [chan 104] Sesch channel 104 request ok
[2026-06-18 14:40:28] [DEBUG] [paramiko.transport] [chan 104] EOF received (104)
[2026-06-18 14:40:28] [DEBUG] [paramiko.transport] [chan 104] EOF sent (104)
[2026-06-18 14:40:28] [DEBUG] [paramiko.transport] [chan 105] Max packet in: 32768 bytes
[2026-06-18 14:40:28] [DEBUG] [paramiko.transport] [chan 105] Max packet out: 32768 bytes
[2026-06-18 14:40:28] [DEBUG] [paramiko.transport] Secsh channel 105 opened.
[2026-06-18 14:40:28] [DEBUG] [paramiko.transport] [chan 105] Sesch channel 105 request ok
[2026-06-18 14:40:28] [DEBUG] [paramiko.transport] [chan 105] EOF received (105)
[2026-06-18 14:40:28] [DEBUG] [paramiko.transport] [chan 105] EOF sent (105)
[2026-06-18 14:40:28] [DEBUG] [paramiko.transport] [chan 106] Max packet in: 32768 bytes
[2026-06-18 14:40:28] [DEBUG] [paramiko.transport] [chan 106] Max packet out: 32768 bytes
[2026-06-18 14:40:28] [DEBUG] [paramiko.transport] Secsh channel 106 opened.
[2026-06-18 14:40:28] [DEBUG] [paramiko.transport] [chan 106] Sesch channel 106 request ok
[2026-06-18 14:40:28] [DEBUG] [paramiko.transport] [chan 106] EOF received (106)
[2026-06-18 14:40:28] [DEBUG] [paramiko.transport] [chan 106] EOF sent (106)
[2026-06-18 14:40:28] [DEBUG] [paramiko.transport] [chan 107] Max packet in: 32768 bytes
[2026-06-18 14:40:28] [DEBUG] [paramiko.transport] [chan 107] Max packet out: 32768 bytes
[2026-06-18 14:40:28] [DEBUG] [paramiko.transport] Secsh channel 107 opened.
[2026-06-18 14:40:28] [DEBUG] [paramiko.transport] [chan 107] Sesch channel 107 request ok
[2026-06-18 14:40:28] [DEBUG] [paramiko.transport] [chan 107] EOF received (107)
[2026-06-18 14:40:28] [DEBUG] [paramiko.transport] [chan 107] EOF sent (107)
[2026-06-18 14:40:28] [DEBUG] [paramiko.transport] [chan 108] Max packet in: 32768 bytes
[2026-06-18 14:40:28] [DEBUG] [paramiko.transport] [chan 108] Max packet out: 32768 bytes
[2026-06-18 14:40:28] [DEBUG] [paramiko.transport] Secsh channel 108 opened.
[2026-06-18 14:40:28] [DEBUG] [paramiko.transport] [chan 108] Sesch channel 108 request ok
[2026-06-18 14:40:28] [DEBUG] [paramiko.transport] [chan 108] EOF received (108)
[2026-06-18 14:40:28] [DEBUG] [paramiko.transport] [chan 108] EOF sent (108)
[2026-06-18 14:40:29] [DEBUG] [paramiko.transport] [chan 109] Max packet in: 32768 bytes
[2026-06-18 14:40:29] [DEBUG] [paramiko.transport] [chan 109] Max packet out: 32768 bytes
[2026-06-18 14:40:29] [DEBUG] [paramiko.transport] Secsh channel 109 opened.
[2026-06-18 14:40:29] [DEBUG] [paramiko.transport] [chan 109] Sesch channel 109 request ok
[2026-06-18 14:40:29] [DEBUG] [paramiko.transport] [chan 109] EOF received (109)
[2026-06-18 14:40:29] [DEBUG] [paramiko.transport] [chan 109] EOF sent (109)
[2026-06-18 14:40:29] [DEBUG] [paramiko.transport] [chan 110] Max packet in: 32768 bytes
[2026-06-18 14:40:29] [DEBUG] [paramiko.transport] [chan 110] Max packet out: 32768 bytes
[2026-06-18 14:40:29] [DEBUG] [paramiko.transport] Secsh channel 110 opened.
[2026-06-18 14:40:29] [DEBUG] [paramiko.transport] [chan 110] Sesch channel 110 request ok
[2026-06-18 14:40:29] [DEBUG] [paramiko.transport] [chan 110] EOF received (110)
[2026-06-18 14:40:29] [DEBUG] [paramiko.transport] [chan 110] EOF sent (110)
[2026-06-18 14:40:29] [DEBUG] [paramiko.transport] [chan 111] Max packet in: 32768 bytes
[2026-06-18 14:40:29] [DEBUG] [paramiko.transport] [chan 111] Max packet out: 32768 bytes
[2026-06-18 14:40:29] [DEBUG] [paramiko.transport] Secsh channel 111 opened.
[2026-06-18 14:40:29] [DEBUG] [paramiko.transport] [chan 111] Sesch channel 111 request ok
[2026-06-18 14:40:29] [DEBUG] [paramiko.transport] [chan 111] EOF received (111)
[2026-06-18 14:40:29] [DEBUG] [paramiko.transport] [chan 111] EOF sent (111)
[2026-06-18 14:40:29] [DEBUG] [paramiko.transport] [chan 112] Max packet in: 32768 bytes
[2026-06-18 14:40:29] [DEBUG] [paramiko.transport] [chan 112] Max packet out: 32768 bytes
[2026-06-18 14:40:29] [DEBUG] [paramiko.transport] Secsh channel 112 opened.
[2026-06-18 14:40:29] [DEBUG] [paramiko.transport] [chan 112] Sesch channel 112 request ok
[2026-06-18 14:40:29] [DEBUG] [paramiko.transport] [chan 112] EOF received (112)
[2026-06-18 14:40:29] [DEBUG] [paramiko.transport] [chan 112] EOF sent (112)
[2026-06-18 14:40:29] [DEBUG] [paramiko.transport] [chan 113] Max packet in: 32768 bytes
[2026-06-18 14:40:29] [DEBUG] [paramiko.transport] [chan 113] Max packet out: 32768 bytes
[2026-06-18 14:40:29] [DEBUG] [paramiko.transport] Secsh channel 113 opened.
[2026-06-18 14:40:29] [DEBUG] [paramiko.transport] [chan 113] Sesch channel 113 request ok
[2026-06-18 14:40:29] [DEBUG] [paramiko.transport] [chan 113] EOF received (113)
[2026-06-18 14:40:29] [DEBUG] [paramiko.transport] [chan 113] EOF sent (113)
[2026-06-18 14:40:29] [DEBUG] [paramiko.transport] [chan 114] Max packet in: 32768 bytes
[2026-06-18 14:40:29] [DEBUG] [paramiko.transport] [chan 114] Max packet out: 32768 bytes
[2026-06-18 14:40:29] [DEBUG] [paramiko.transport] Secsh channel 114 opened.
[2026-06-18 14:40:29] [DEBUG] [paramiko.transport] [chan 114] Sesch channel 114 request ok
[2026-06-18 14:40:29] [DEBUG] [paramiko.transport] [chan 114] EOF received (114)
[2026-06-18 14:40:29] [DEBUG] [paramiko.transport] [chan 114] EOF sent (114)
[2026-06-18 14:40:29] [DEBUG] [paramiko.transport] [chan 115] Max packet in: 32768 bytes
[2026-06-18 14:40:29] [DEBUG] [paramiko.transport] [chan 115] Max packet out: 32768 bytes
[2026-06-18 14:40:29] [DEBUG] [paramiko.transport] Secsh channel 115 opened.
[2026-06-18 14:40:29] [DEBUG] [paramiko.transport] [chan 115] Sesch channel 115 request ok
[2026-06-18 14:40:29] [DEBUG] [paramiko.transport] [chan 115] EOF received (115)
[2026-06-18 14:40:29] [DEBUG] [paramiko.transport] [chan 115] EOF sent (115)
[2026-06-18 14:40:29] [DEBUG] [paramiko.transport] [chan 116] Max packet in: 32768 bytes
[2026-06-18 14:40:29] [DEBUG] [paramiko.transport] [chan 116] Max packet out: 32768 bytes
[2026-06-18 14:40:29] [DEBUG] [paramiko.transport] Secsh channel 116 opened.
[2026-06-18 14:40:29] [DEBUG] [paramiko.transport] [chan 116] Sesch channel 116 request ok
[2026-06-18 14:40:29] [DEBUG] [paramiko.transport] [chan 116] EOF received (116)
[2026-06-18 14:40:29] [DEBUG] [paramiko.transport] [chan 116] EOF sent (116)
[2026-06-18 14:40:29] [DEBUG] [paramiko.transport] EOF in transport thread
